"","DATE","TEMP","WDSP","STP","PRCP"
"1","2017-01-01",34.4,4.4,16.2,0
"2","2017-01-02",20.2,4.7,18.1,0
"3","2017-01-03",26.9,3.9,15.2,0
"4","2017-01-04",24.8,3.3,23.1,0
"5","2017-01-05",21.8,2.7,24.2,0
"6","2017-01-06",28.2,2.7,19.2,0
"7","2017-01-07",26.8,2.9,16.9,0
"8","2017-01-08",22.6,3.2,12.9,0.1
"9","2017-01-09",17.4,4.2,17.1,0.04
"10","2017-01-10",9.7,4.4,21.4,0
"11","2017-01-11",8.5,3.2,18,0
"12","2017-01-12",11.3,5.3,14.1,0
"13","2017-01-13",11,4.7,17.3,0
"14","2017-01-14",7.1,3.9,28.1,0
"15","2017-01-15",7.9,2.2,27.2,0
"16","2017-01-16",11.5,3.9,26.1,0
"17","2017-01-17",16.9,2.7,24.4,0
"18","2017-01-18",9.9,1.9,26.7,0
"19","2017-01-19",12.8,5.6,21.9,0
"20","2017-01-20",5.3,2.7,24,0
"21","2017-01-21",13.1,6.6,19.8,0
"22","2017-01-22",3.3,2.8,28.1,0
"23","2017-01-23",4.5,3.3,29.5,0
"24","2017-01-24",7.2,2.7,30.3,0
"25","2017-01-25",22.5,4.7,22.8,0
"26","2017-01-26",26.1,9.2,14.7,0.14
"27","2017-01-27",16.4,4.3,21,0
"28","2017-01-28",27.7,3.6,16.3,0.04
"29","2017-01-29",12.5,6.1,22.5,0.01
"30","2017-01-30",5,3.1,26.8,0
"31","2017-01-31",20.1,6.1,21.7,0
"32","2017-02-01",14,3.6,27.2,0
"33","2017-02-02",23.6,3.6,20.2,0
"34","2017-02-03",27.9,3.4,15.8,0
"35","2017-02-04",33.9,3.9,11.2,0
"36","2017-02-05",24.5,5.1,15.2,0
"37","2017-02-06",17.6,4.2,25.8,0
"38","2017-02-07",18.3,2.8,23.9,0
"39","2017-02-08",20,5.6,18.4,0
"40","2017-02-09",16,5.1,15.7,0
"41","2017-02-10",16.6,4.4,18.5,0
"42","2017-02-11",16.3,3.9,21.3,0
"43","2017-02-12",18.9,2.6,22.5,0
"44","2017-02-13",20.6,3.9,27.4,0
"45","2017-02-14",27.3,3.2,24.8,0
"46","2017-02-15",40.7,6.8,11.5,0
"47","2017-02-16",24.3,7,16.8,0.07
"48","2017-02-17",18.3,4.6,22.2,0.04
"49","2017-02-18",23.3,3.6,16.1,0
"50","2017-02-19",23.6,6.1,6.6,0.13
"51","2017-02-20",13.5,5.3,25.5,0
"52","2017-02-21",25.3,3.6,21.4,0.41
"53","2017-02-22",25.6,6.6,13.2,0.13
"54","2017-02-23",15.9,3.9,18.4,0.07
"55","2017-02-24",25.2,3.6,14.8,0
"56","2017-02-25",26.8,2.9,15.1,0
"57","2017-02-26",28.6,2.8,19.2,0
"58","2017-02-27",38.3,4.7,14.6,0
"59","2017-02-28",37.2,4.1,13.2,0
"60","2017-03-01",22.9,4.7,17,0
"61","2017-03-02",30.2,3.9,9.8,0
"62","2017-03-03",33.6,4.4,11.5,0
"63","2017-03-04",34.6,6.1,12.8,0
"64","2017-03-05",24.3,4.4,15.3,0
"65","2017-03-06",24.1,6.6,13.6,0
"66","2017-03-07",24.6,5,11.2,0
"67","2017-03-08",31.1,4.9,5.8,0
"68","2017-03-09",32.6,3.9,6.3,0
"69","2017-03-10",36.8,3.2,10.8,0
"70","2017-03-11",45.6,5.6,12.3,0
"71","2017-03-12",35.4,4.4,18.7,0
"72","2017-03-13",33.3,3.5,18.5,0
"73","2017-03-14",34.2,3.3,19.8,0
"74","2017-03-15",35.2,2.3,17.8,0
"75","2017-03-16",41.3,2.7,14.4,0
"76","2017-03-17",48,4.9,13.2,0
"77","2017-03-18",41.7,2.3,18.2,0
"78","2017-03-19",43.6,3.3,18.2,0
"79","2017-03-20",34.1,5.3,17.4,0.01
"80","2017-03-21",38.7,3.9,15.3,0
"81","2017-03-22",39,5.2,15.7,0
"82","2017-03-23",37.5,2.9,18.7,0
"83","2017-03-24",38.8,2.4,15.9,0
"84","2017-03-25",41.8,3.1,12.7,0
"85","2017-03-26",39.6,2.9,11.5,0
"86","2017-03-27",39.6,3.2,14.1,0
"87","2017-03-28",47.8,8,12.3,0
"88","2017-03-29",48.8,8,12.6,0
"89","2017-03-30",46,5.3,18.3,0
"90","2017-03-31",42,3.6,14.9,0
"91","2017-04-01",44,3.6,10.4,0
"92","2017-04-02",51.9,5.3,10.4,0
"93","2017-04-03",57.6,4.9,11.6,0
"94","2017-04-04",62.6,6.6,9.6,0
"95","2017-04-05",51.8,4.4,6.7,0
"96","2017-04-06",49.5,4.4,7.2,0.01
"97","2017-04-07",56.6,7.5,6.1,0
"98","2017-04-08",50,5,12.8,0
"99","2017-04-09",49.1,3.9,11.9,0
"100","2017-04-10",58.4,8.3,3.4,0
"101","2017-04-11",46.6,7.5,8.5,0
"102","2017-04-12",43.7,5,9,0
"103","2017-04-13",59.7,9,0.9,0
"104","2017-04-14",57.9,7.5,998,0
"105","2017-04-15",62.4,5.3,2.2,0
"106","2017-04-16",62.1,4.7,3.6,0
"107","2017-04-17",59.3,8.4,991.4,0.24
"108","2017-04-18",51.1,6.4,993.8,0.23
"109","2017-04-19",53.2,5.5,2.1,0.01
"110","2017-04-20",52.6,6.1,3.5,0.01
"111","2017-04-21",57.9,4.4,5.6,0
"112","2017-04-22",64.1,9,1.6,0
"113","2017-04-23",44.5,4.6,6,0.15
"114","2017-04-24",46.3,3.1,7.9,0.02
"115","2017-04-25",51.9,4.4,12.8,0
"116","2017-04-26",51.9,4.9,10.2,0
"117","2017-04-27",59.7,4.9,999.2,0
"118","2017-04-28",55.6,4.4,996.4,0
"119","2017-04-29",70.9,8.5,993.7,0
"120","2017-04-30",58.6,5.5,6.5,0
"121","2017-05-01",64.1,3.9,10.3,0
"122","2017-05-02",69.1,7.2,11.1,0
"123","2017-05-03",70.1,7.5,10.2,0
"124","2017-05-04",59,5.1,8.2,0.17
"125","2017-05-05",52.3,7.5,3.5,0.39
"126","2017-05-06",53.8,9.5,5.2,0
"127","2017-05-07",63.5,7.5,2.5,0
"128","2017-05-08",72,3.9,2,0
"129","2017-05-09",63.6,7.8,2.4,0
"130","2017-05-10",66.9,7.8,999.3,0
"131","2017-05-11",62.1,6.2,0.3,0.57
"132","2017-05-12",61.1,5.5,999.1,0
"133","2017-05-13",60.7,7,998.9,0
"134","2017-05-14",56.8,7,4.7,0.06
"135","2017-05-15",59.3,3.9,5.8,0.02
"136","2017-05-16",65.1,3.6,0.8,0
"137","2017-05-17",74.3,6.8,0.1,0
"138","2017-05-18",78.7,11.2,999.6,0
"139","2017-05-19",80.1,7.3,3.3,0
"140","2017-05-20",75.4,5.6,5.5,0
"141","2017-05-21",70.6,5.3,6.7,0
"142","2017-05-22",59.9,4.4,7.6,0.16
"143","2017-05-23",61,3.4,5.4,0
"144","2017-05-24",67.8,5.1,1.5,0.11
"145","2017-05-25",56.7,6.7,6.3,0.12
"146","2017-05-26",62.7,3.2,4,0
"147","2017-05-27",72.4,3.6,1.3,0
"148","2017-05-28",73.8,4.6,2.8,0
"149","2017-05-29",62.5,4.9,4.7,0
"150","2017-05-30",69.4,3.9,999.2,0
"151","2017-05-31",65.3,5.5,994.8,0
"152","2017-06-01",65.1,5.1,998.6,0
"153","2017-06-02",62.6,3.3,2,0
"154","2017-06-03",65,3.1,2.9,0
"155","2017-06-04",67.2,3.9,4.5,0
"156","2017-06-05",74.4,3.1,6.9,0
"157","2017-06-06",63.6,4.6,3.3,0.01
"158","2017-06-07",67.2,5.8,998.7,0
"159","2017-06-08",75.4,3.9,996,0.01
"160","2017-06-09",62.5,5.3,999.8,0
"161","2017-06-10",65.8,4.2,3.1,0
"162","2017-06-11",68.7,4.6,5.9,0
"163","2017-06-12",69.5,3.6,7.5,0
"164","2017-06-13",74,3.4,5.9,0
"165","2017-06-14",76.4,7.2,999.6,0
"166","2017-06-15",85.5,2.9,998.3,0
"167","2017-06-16",84.3,4.1,998.2,0
"168","2017-06-17",84.2,7.3,998,0.03
"169","2017-06-18",76.8,4.4,998.6,0.01
"170","2017-06-19",69.8,4.9,997.8,2.15
"171","2017-06-20",70.1,3.9,997.2,2.14
"172","2017-06-21",72.5,3.9,999.7,0
"173","2017-06-22",73.5,2.7,2.6,0
"174","2017-06-23",72.9,2.7,0.7,0.03
"175","2017-06-24",70.6,3.2,997.2,0.29
"176","2017-06-25",73,2.6,997.5,0.03
"177","2017-06-26",77.8,3.2,0.5,0
"178","2017-06-27",78.5,4.1,1.5,0
"179","2017-06-28",79.5,4.6,2.6,0
"180","2017-06-29",79.3,6.3,0.5,0
"181","2017-06-30",79.9,5.3,997.4,0
"182","2017-07-01",80.7,5.8,996.9,0
"183","2017-07-02",75.4,2.7,998.6,0
"184","2017-07-03",77.9,3.4,999.1,0.01
"185","2017-07-04",79.9,4.1,0.8,0
"186","2017-07-05",82.9,3.2,2.5,0
"187","2017-07-06",84.7,4.2,0.5,0
"188","2017-07-07",77.1,4.1,993.2,0.62
"189","2017-07-08",83.9,5.8,993.9,0
"190","2017-07-09",78.6,4.6,994.3,0.83
"191","2017-07-10",79.4,5.6,992.3,0.71
"192","2017-07-11",84.3,5.8,996.4,0
"193","2017-07-12",84.1,5.8,996.6,0
"194","2017-07-13",85.2,6.6,994.6,0
"195","2017-07-14",77.5,5.5,998.1,1.33
"196","2017-07-15",82,2.7,1.5,1.32
"197","2017-07-16",83.2,5.8,2.9,0
"198","2017-07-17",83.1,7.3,2.1,0
"199","2017-07-18",83.7,6.6,0,0
"200","2017-07-19",81,6.7,997.8,0.49
"201","2017-07-20",78.2,5.8,996.2,1.05
"202","2017-07-21",77,4.1,3,1.02
"203","2017-07-22",73.8,2.7,1.5,0
"204","2017-07-23",76.8,1.9,998.1,0
"205","2017-07-24",77.3,4.4,999.6,0
"206","2017-07-25",74.3,4.7,2.6,0
"207","2017-07-26",75,2.7,999.7,0
"208","2017-07-27",76.3,3.9,1.6,0
"209","2017-07-28",72.7,4.4,5.3,0
"210","2017-07-29",77.4,2.7,1,0
"211","2017-07-30",78.6,3.6,999.6,0
"212","2017-07-31",80.1,3.9,1.7,0
"213","2017-08-01",81.1,4.4,2,0
"214","2017-08-02",80,2.9,998.2,0.51
"215","2017-08-03",78.6,4.9,993.7,0.29
"216","2017-08-04",80.4,3.2,996.4,0.2
"217","2017-08-05",79.6,2.9,996.1,0
"218","2017-08-06",74.8,3.5,993.6,1.3
"219","2017-08-07",73.4,1.9,993.8,0.01
"220","2017-08-08",76.6,2.3,992.8,0
"221","2017-08-09",76.6,2.9,992.4,0
"222","2017-08-10",75,3.1,995.6,0.19
"223","2017-08-11",80.8,3.3,0.2,0
"224","2017-08-12",79.4,3.6,3.7,0
"225","2017-08-13",81.8,2.3,3.3,0.01
"226","2017-08-14",75.5,2.9,1.1,0.03
"227","2017-08-15",75,2.8,999.9,0.05
"228","2017-08-16",75.5,2.7,0.7,0.45
"229","2017-08-17",72.3,2.2,2.4,1.07
"230","2017-08-18",73.4,2.9,4.5,0.49
"231","2017-08-19",75.9,2.3,5,0.04
"232","2017-08-20",77.9,2.3,1,0
"233","2017-08-21",80.7,3.1,999.9,0
"234","2017-08-22",81.6,3.6,3.8,0
"235","2017-08-23",71.7,3.4,0.3,0.74
"236","2017-08-24",71.2,3.1,0.7,0.72
"237","2017-08-25",68.3,4.9,2.2,0
"238","2017-08-26",67.6,3.6,7.5,0
"239","2017-08-27",68.5,6.6,6,0.36
"240","2017-08-28",59.3,3.6,9.6,0.24
"241","2017-08-29",61.4,5.3,9.3,0
"242","2017-08-30",61.2,3.6,7.4,0
"243","2017-08-31",64.7,3.1,7.3,0
"244","2017-09-01",63,2.3,6.9,0.06
"245","2017-09-02",68,2.7,7.3,0
"246","2017-09-03",70.9,2.9,7.4,0
"247","2017-09-04",73.2,4.9,5.2,0
"248","2017-09-05",67,5.5,1.5,0.24
"249","2017-09-06",66.4,2.8,0.5,0.24
"250","2017-09-07",72.8,3.9,0.2,0
"251","2017-09-08",66.3,2.4,4.9,0
"252","2017-09-09",69.2,3.3,6.4,0
"253","2017-09-10",72.6,4.2,4.5,0.92
"254","2017-09-11",61.5,3.9,5.9,0
"255","2017-09-12",58.9,4.5,11.6,0
"256","2017-09-13",62.8,3.2,14.4,0
"257","2017-09-14",67.3,3.4,14.1,0
"258","2017-09-15",68.2,3.6,11.6,0
"259","2017-09-16",70.4,4.9,6.4,0.14
"260","2017-09-17",64.4,3.1,2.6,0.16
"261","2017-09-18",70.5,5.6,997.6,0
"262","2017-09-19",61,3.6,3.2,0.04
"263","2017-09-20",60.5,2.3,7.9,0
"264","2017-09-21",70.8,5.8,2.9,0
"265","2017-09-22",57.2,999.9,2.9,0.69
"266","2017-09-23",69.3,5.1,5,0
"267","2017-09-24",63.1,3.6,7.5,0
"268","2017-09-25",68,4.5,6.9,0
"269","2017-09-26",53.6,4.3,10.1,0.18
"270","2017-09-27",53,3.2,8,0.18
"271","2017-09-28",48.4,4.7,6.8,0
"272","2017-09-29",52.1,3.9,7.4,0
"273","2017-09-30",67.7,5.1,8.5,0
"274","2017-10-01",60.1,4.4,10.9,0.21
"275","2017-10-02",45.1,4.2,17,0
"276","2017-10-03",46,3.2,21.4,0
"277","2017-10-04",47.3,2.2,19.8,0
"278","2017-10-05",58.6,5.8,14,0
"279","2017-10-06",61,6.1,11.5,0
"280","2017-10-07",62.7,4.3,14,0
"281","2017-10-08",63.2,3.9,16.2,0.04
"282","2017-10-09",49,7,19.8,0.56
"283","2017-10-10",47,5.6,18,0.03
"284","2017-10-11",43.8,3.6,19.6,0
"285","2017-10-12",45.1,2.5,16.2,0
"286","2017-10-13",47.2,4.7,16.2,0
"287","2017-10-14",42.5,2.6,23.4,0
"288","2017-10-15",41.6,2.3,24.4,0.07
"289","2017-10-16",40.3,2.2,25.2,0
"290","2017-10-17",46.4,3.2,22.7,0
"291","2017-10-18",47.8,2.9,15.8,0
"292","2017-10-19",48.7,3.5,13.7,0
"293","2017-10-20",57.3,5.3,11.6,0
"294","2017-10-21",44.6,7.5,18.2,0.01
"295","2017-10-22",42.3,7,17.4,0
"296","2017-10-23",36.1,4.9,18.6,0
"297","2017-10-24",40.4,2.7,18.3,0
"298","2017-10-25",51.1,3.4,17.1,0
"299","2017-10-26",54.5,3.9,12.7,0
"300","2017-10-27",55.6,3.9,12.3,0
"301","2017-10-28",49.1,6.9,19.8,0
"302","2017-10-29",34.4,6.2,22.2,0
"303","2017-10-30",40.1,3.6,18.1,0
"304","2017-10-31",54,7.8,10,0
"305","2017-11-01",46,2.7,12.5,0
"306","2017-11-02",37.3,5.6,15.8,0.02
"307","2017-11-03",29.9,5.3,25.2,0
"308","2017-11-04",37.1,4.7,21,0
"309","2017-11-05",51.7,7.8,14.5,0
"310","2017-11-06",53.3,5.3,10.6,0
"311","2017-11-07",51.4,7.3,11.4,0.01
"312","2017-11-08",35.5,3.9,19.1,0.01
"313","2017-11-09",48.8,5.6,11.1,0.19
"314","2017-11-10",39.2,7.5,13.4,0.2
"315","2017-11-11",31.6,3.2,16.9,0
"316","2017-11-12",45.2,6.1,8.2,0
"317","2017-11-13",41.3,6.8,8.8,0
"318","2017-11-14",29.6,6.8,14.9,0
"319","2017-11-15",21.9,4.6,18.4,0
"320","2017-11-16",32.7,2.8,15,0.04
"321","2017-11-17",24.1,8.5,20.4,0.04
"322","2017-11-18",17.4,4.1,22,0
"323","2017-11-19",19.3,3.3,21.7,0
"324","2017-11-20",21.8,3.6,20.2,0
"325","2017-11-21",38,6.1,11.4,0
"326","2017-11-22",29.7,4.6,13.6,0
"327","2017-11-23",24.4,4.7,14.4,0
"328","2017-11-24",20.6,4.3,16.5,0
"329","2017-11-25",26.5,4.2,14.9,0
"330","2017-11-26",16.4,3.1,23.6,0
"331","2017-11-27",37.4,6.8,12.4,0
"332","2017-11-28",28.2,6.6,19.2,0
"333","2017-11-29",12,4.2,28.7,0
"334","2017-11-30",9.9,2.8,25.5,0
"335","2017-12-01",20.4,3.2,20.6,0
"336","2017-12-02",33.1,6.8,15.1,0
"337","2017-12-03",17.8,4.2,22.4,0
"338","2017-12-04",13.6,3.6,20.2,0
"339","2017-12-05",16.2,3.3,13.2,0
"340","2017-12-06",22.7,2.9,15.1,0
"341","2017-12-07",14.4,4.1,22.4,0
"342","2017-12-08",19.6,3.2,14.7,0
"343","2017-12-09",30.3,5.1,7.3,0
"344","2017-12-10",16.2,7.5,14.8,0
"345","2017-12-11",6.4,5.1,24.1,0
"346","2017-12-12",2,3.1,27.3,0
"347","2017-12-13",4.8,2.2,31.4,0
"348","2017-12-14",15.5,2.9,24.8,0
"349","2017-12-15",16.2,3.6,23.6,0
"350","2017-12-16",9.5,5.3,24.3,0
"351","2017-12-17",14.9,3.6,19.5,0
"352","2017-12-18",20.3,6.1,21.8,0
"353","2017-12-19",13.9,2.7,23.9,0
"354","2017-12-20",18.9,2.6,22,0
"355","2017-12-21",27.9,3.9,17.1,0
"356","2017-12-22",23.6,4.4,16.2,0
"357","2017-12-23",26,4.5,14.4,0
"358","2017-12-24",18.8,4.9,15.7,0
"359","2017-12-25",19.2,6.8,18.2,0
"360","2017-12-26",6.6,3.9,25.4,0
"361","2017-12-27",15.6,2.7,24.2,0
"362","2017-12-28",25.5,3.1,21.9,0
"363","2017-12-29",21.8,3.9,24.6,0
"364","2017-12-30",18,1.9,20.4,0
"365","2017-12-31",12.9,3.1,19.1,0
"366","2018-01-01",13.6,3.9,23.9,0
"367","2018-01-02",7.4,3.1,28.3,0
"368","2018-01-03",7.8,2.5,30.3,0
"369","2018-01-04",6.7,2.3,24.5,0
"370","2018-01-05",9.5,3.1,18.4,0
"371","2018-01-06",12.3,2.6,20.2,0
"372","2018-01-07",24.1,2.7,12.8,0.03
"373","2018-01-08",18.7,4.4,5.6,0.11
"374","2018-01-09",13,4.6,9.3,0.08
"375","2018-01-10",0,3.6,20.1,0.01
"376","2018-01-11",-6.4,3.3,27.3,0.01
"377","2018-01-12",7.2,3.9,21.7,0
"378","2018-01-13",17.9,3.1,20.5,0
"379","2018-01-14",29.4,6.1,14.6,0.02
"380","2018-01-15",20.3,3.6,16.9,0.02
"381","2018-01-16",17.7,3.2,11.8,0
"382","2018-01-17",19.4,2.2,13.1,0.02
"383","2018-01-18",17.5,2.9,17.3,0
"384","2018-01-19",25.6,5.8,15,0
"385","2018-01-20",13.8,3.6,22,0
"386","2018-01-21",7,5.8,21.8,0
"387","2018-01-22",-1.6,4.6,20.2,0
"388","2018-01-23",-1.6,7,22.9,0
"389","2018-01-24",-6.4,3.9,28.7,0
"390","2018-01-25",-9,4.2,32.7,0
"391","2018-01-26",-6.5,3.1,31.4,0
"392","2018-01-27",2.6,2.8,25.2,0
"393","2018-01-28",7.6,4.6,18.7,0
"394","2018-01-29",8.7,4.4,17.3,0
"395","2018-01-30",14.8,2.4,17.4,0
"396","2018-01-31",9.9,2.9,22.8,0
"397","2018-02-01",20.6,5.3,24.1,0
"398","2018-02-02",11,4.4,28.7,0
"399","2018-02-03",1.7,3.2,28.2,0
"400","2018-02-04",3.9,3.6,25.9,0
"401","2018-02-05",1.5,3.9,25.3,0
"402","2018-02-06",3.8,3.6,22.8,0
"403","2018-02-07",4.5,2.9,21.2,0
"404","2018-02-08",22.9,8.3,12,0
"405","2018-02-09",27.2,6.1,13.4,0
"406","2018-02-10",12.9,7.2,18.7,0
"407","2018-02-11",10.6,6.8,15.4,0
"408","2018-02-12",12.9,3.9,13.2,0
"409","2018-02-13",23.2,4.4,7.7,0
"410","2018-02-14",19.3,6.8,16.1,0
"411","2018-02-15",22.9,5.3,15,0
"412","2018-02-16",18.7,7.5,16,0
"413","2018-02-17",15.2,3.6,20.8,0
"414","2018-02-18",19.3,3.2,20.4,0
"415","2018-02-19",19.3,2.8,19.8,0
"416","2018-02-20",16.2,3.6,20.9,0
"417","2018-02-21",20.9,3.6,15.1,0
"418","2018-02-22",23.4,3.9,10.6,0
"419","2018-02-23",21.9,6.6,18.7,0
"420","2018-02-24",15.5,2.8,26,0
"421","2018-02-25",23,4.7,18.6,0
"422","2018-02-26",29.4,4.9,15.8,0
"423","2018-02-27",27,3.9,17.3,0
"424","2018-02-28",28.5,4.9,2.2,0.38
"425","2018-03-01",16,6.7,11.7,0.01
"426","2018-03-02",32.4,7,3.1,0
"427","2018-03-03",35.2,8.3,4,0
"428","2018-03-04",23.1,6.6,19.6,0
"429","2018-03-05",19.9,7.3,25.9,0
"430","2018-03-06",20.4,5.1,30,0
"431","2018-03-07",21.3,5.3,22.8,0.15
"432","2018-03-08",15,6.1,25.1,0.04
"433","2018-03-09",30.1,5.6,14.4,0
"434","2018-03-10",23.9,3.2,19.7,0
"435","2018-03-11",36,3.6,15.8,0
"436","2018-03-12",47,8.5,3.8,0
"437","2018-03-13",47,4.7,4.8,0
"438","2018-03-14",48.1,9.1,7,0.43
"439","2018-03-15",21.8,6.9,999.9,0.07
"440","2018-03-16",24.1,3.6,23.8,0.02
"441","2018-03-17",35.3,5.3,17.8,0.09
"442","2018-03-18",34.9,4.1,16.6,0.08
"443","2018-03-19",35.1,8.7,22.8,0
"444","2018-03-20",36.6,6.6,21.6,0
"445","2018-03-21",34,2.5,12.4,0
"446","2018-03-22",38.3,2.5,8,0
"447","2018-03-23",40.8,4.2,10.1,0
"448","2018-03-24",52.5,6.3,11.3,0
"449","2018-03-25",55,10.7,8.6,0
"450","2018-03-26",56.9,6.7,6,0
"451","2018-03-27",59.3,7.5,0.4,0
"452","2018-03-28",53.5,5.1,11.2,0
"453","2018-03-29",44.3,5.3,20.7,0
"454","2018-03-30",51.8,4.4,13.8,0
"455","2018-03-31",53.9,5,7.6,0
"456","2018-04-01",58.9,6.6,2.7,0
"457","2018-04-02",55.7,8.3,7,0
"458","2018-04-03",41.5,8,19.6,0
"459","2018-04-04",41.6,6.6,19.1,0
"460","2018-04-05",36.8,4.6,8.8,0.05
"461","2018-04-06",35.1,6.3,8,0.1
"462","2018-04-07",37.2,6.9,6.4,0
"463","2018-04-08",42.5,4.9,5.4,0
"464","2018-04-09",52,7.5,4.2,0
"465","2018-04-10",51.4,8,995.2,0.04
"466","2018-04-11",51.6,6.1,999.9,0
"467","2018-04-12",49.1,5.3,15.5,0
"468","2018-04-13",52.4,7,14,0.37
"469","2018-04-14",46.8,8.7,4.1,0.02
"470","2018-04-15",46.6,4.4,10.3,0.02
"471","2018-04-16",58.8,8.7,8.6,0
"472","2018-04-17",60.6,10,6.4,0
"473","2018-04-18",59.1,6.1,3,0
"474","2018-04-19",61.5,3.9,7.7,0
"475","2018-04-20",67.6,10.8,5.2,0
"476","2018-04-21",55,6.3,11.5,0.16
"477","2018-04-22",52.4,4.4,14.1,0.09
"478","2018-04-23",51.8,3.9,11.7,0
"479","2018-04-24",57.8,5.5,9.1,0
"480","2018-04-25",65.5,5.6,5.3,0
"481","2018-04-26",59,9.4,5.6,0
"482","2018-04-27",63.1,5.3,8.2,0
"483","2018-04-28",71,9.7,0.4,0
"484","2018-04-29",68.9,10.4,1,0.07
"485","2018-04-30",62.9,3.2,7.4,0.08
"486","2018-05-01",60.5,3.4,8.3,0
"487","2018-05-02",57.7,7.8,5.3,0
"488","2018-05-03",55.2,4.9,3.8,0
"489","2018-05-04",64.6,4.1,999.6,0
"490","2018-05-05",64.4,3.6,3.3,99.99
"491","2018-05-06",68.5,5.3,1.1,0
"492","2018-05-07",61.2,6.1,7.4,0
"493","2018-05-08",61.9,5,11.4,0
"494","2018-05-09",62.2,4.3,13,0
"495","2018-05-10",69.6,8,8.8,0
"496","2018-05-11",54.7,3.6,7.8,0.08
"497","2018-05-12",60,4.6,1,0
"498","2018-05-13",70.2,6.8,998.2,0
"499","2018-05-14",70,7.3,996.1,0
"500","2018-05-15",74,7.5,996,0
"501","2018-05-16",71.1,6.8,996.1,0
"502","2018-05-17",69.3,4.9,997.9,0.02
"503","2018-05-18",68.6,4.6,4.2,0
"504","2018-05-19",71.6,4.4,9.7,0
"505","2018-05-20",67.1,6.1,12.7,0
"506","2018-05-21",68,5.6,8.8,0
"507","2018-05-22",50.4,3.9,4.2,0.6
"508","2018-05-23",62.9,8.5,995.9,0.2
"509","2018-05-24",73.1,5.6,994,0
"510","2018-05-25",73.2,5.8,997.6,0
"511","2018-05-26",70.9,7.8,0.9,0.3
"512","2018-05-27",67.9,4.4,0.9,0.02
"513","2018-05-28",58,2.6,1.5,0.7
"514","2018-05-29",60.7,4.6,2.5,0.18
"515","2018-05-30",60.9,2.8,5.4,0
"516","2018-05-31",69.7,2.7,7.2,0
"517","2018-06-01",79.5,6.6,5.5,0
"518","2018-06-02",77.6,6.8,4,0
"519","2018-06-03",75.6,6.3,1.9,0
"520","2018-06-04",74.3,7.5,0,0
"521","2018-06-05",74.5,6.6,998.6,0
"522","2018-06-06",75.1,4.6,2.1,0
"523","2018-06-07",69.9,4.6,3.6,0.07
"524","2018-06-08",72.8,3.1,2.3,0.07
"525","2018-06-09",73.5,3.9,0.3,0.21
"526","2018-06-10",65.2,3.2,998.6,0.2
"527","2018-06-11",65.2,2.3,995.4,0.15
"528","2018-06-12",70,3.6,999.9,0.27
"529","2018-06-13",68.9,3.9,998.1,0.28
"530","2018-06-14",66,2.8,0,0.85
"531","2018-06-15",68,2.9,3.9,0.38
"532","2018-06-16",70.1,6.3,1.3,0.06
"533","2018-06-17",68.2,4.1,1.3,0.58
"534","2018-06-18",72.9,6.3,997.1,0.17
"535","2018-06-19",65.4,3.6,996.5,0.07
"536","2018-06-20",68.6,4.1,997.6,0.05
"537","2018-06-21",76.1,4.6,998.9,0
"538","2018-06-22",80.2,7,996.7,0
"539","2018-06-23",78.2,7.5,995.5,0
"540","2018-06-24",84.2,5.1,998,0
"541","2018-06-25",78.8,6.1,999.1,0
"542","2018-06-26",77.4,4.4,992.9,0.22
"543","2018-06-27",74.8,4.1,991.2,0.24
"544","2018-06-28",72.9,3.6,992.6,0
"545","2018-06-29",79.4,5.6,994.7,0
"546","2018-06-30",78.8,5.3,1.3,0
"547","2018-07-01",77.4,3.6,1.2,0
"548","2018-07-02",76.6,2.2,998.3,0
"549","2018-07-03",77.6,2.2,994.1,0
"550","2018-07-04",83.3,3.4,992.1,0
"551","2018-07-05",80.2,4.4,997.2,0.01
"552","2018-07-06",73.5,2.4,2.1,0.38
"553","2018-07-07",72.8,3.2,2.7,0.35
"554","2018-07-08",69,4.1,4.1,0.22
"555","2018-07-09",73.2,3.6,7.1,0.11
"556","2018-07-10",78.3,5.3,4.8,0
"557","2018-07-11",77.1,4.4,2.8,0.04
"558","2018-07-12",78.3,4.9,0.2,0.3
"559","2018-07-13",79.6,4.9,999.7,0.46
"560","2018-07-14",76.4,4.4,999.2,0.62
"561","2018-07-15",79.7,3.6,1.3,0.26
"562","2018-07-16",79.6,5.1,1.7,0.04
"563","2018-07-17",80.9,4.7,2,0
"564","2018-07-18",81.3,5.6,1.4,0
"565","2018-07-19",81.3,4.6,1.4,0
"566","2018-07-20",81.4,5.3,0.7,0
"567","2018-07-21",82.5,5.1,0.9,0
"568","2018-07-22",83.3,5.1,1.7,0
"569","2018-07-23",84.7,3.6,1.5,0
"570","2018-07-24",86.9,5.3,997.1,0
"571","2018-07-25",84.6,5.2,997.5,0
"572","2018-07-26",78.6,2.7,1.2,0.05
"573","2018-07-27",83.6,2.7,1.9,0.05
"574","2018-07-28",85.3,2.7,0.5,0
"575","2018-07-29",87.3,2.2,999,0
"576","2018-07-30",89.6,3.2,999,0
"577","2018-07-31",90.7,4.9,999,0
"578","2018-08-01",84.8,4.7,999.8,0
"579","2018-08-02",86.7,3.9,999.5,0
"580","2018-08-03",89.5,6.6,999,0
"581","2018-08-04",86.3,7,999.6,0
"582","2018-08-05",75.5,4.9,3.5,0
"583","2018-08-06",79.2,3.3,0,1.44
"584","2018-08-07",75.7,1.9,0,1.76
"585","2018-08-08",78.6,3.3,0.9,0.71
"586","2018-08-09",81.3,2.5,0,0
"587","2018-08-10",80.8,2.4,0.3,0
"588","2018-08-11",82.2,3.9,999,0
"589","2018-08-12",77.7,3.1,0.5,0.01
"590","2018-08-13",80.8,2.8,1.5,0.42
"591","2018-08-14",74.3,2.2,3.5,0.37
"592","2018-08-15",76.9,4.9,6.4,0
"593","2018-08-16",74.4,4.6,7.6,0
"594","2018-08-17",77,3.9,5.5,0
"595","2018-08-18",69.5,2.3,4,0.4
"596","2018-08-19",77.4,3.4,3,0.28
"597","2018-08-20",69.9,3.1,995.9,0.61
"598","2018-08-21",72.7,5.1,998.5,0.45
"599","2018-08-22",73.6,2.5,2.7,0
"600","2018-08-23",73.5,4.1,0,0
"601","2018-08-24",69.2,5.6,996.8,0.07
"602","2018-08-25",69.8,5,1.5,0
"603","2018-08-26",72.5,2.2,4.9,0
"604","2018-08-27",74.9,2.5,5.6,0
"605","2018-08-28",74.8,2.3,1.8,0.05
"606","2018-08-29",67.7,3.2,1.7,0.06
"607","2018-08-30",66.6,2.6,5.6,0
"608","2018-08-31",70.7,3.6,7.9,0
"609","2018-09-01",73.2,3.2,5.3,0
"610","2018-09-02",69.1,4.4,997.6,0.48
"611","2018-09-03",70.8,4.4,991.9,0.3
"612","2018-09-04",69.1,3.9,992.9,0
"613","2018-09-05",70.2,5.6,994.4,0
"614","2018-09-06",62.1,3.3,994.7,0.24
"615","2018-09-07",65.2,3.2,3.4,0.12
"616","2018-09-08",58,3.1,12.1,0
"617","2018-09-09",58.6,3.2,14.6,0
"618","2018-09-10",63.5,3.9,14.4,0
"619","2018-09-11",67.9,3.9,12,0
"620","2018-09-12",68.7,3.9,9.5,0
"621","2018-09-13",71.2,4.9,10,0
"622","2018-09-14",70.8,3.2,8.8,0
"623","2018-09-15",58.8,4.7,999.9,0
"624","2018-09-16",58.9,2.8,999.9,0
"625","2018-09-18",55.6,999.9,999.9,0
"626","2018-09-19",65.3,2.2,7.6,0
"627","2018-09-20",66.9,3.1,4.7,0
"628","2018-09-21",60,3.1,2.9,0.28
"629","2018-09-22",58.7,3.9,7,0
"630","2018-09-23",54.8,4.2,9.5,0
"631","2018-09-24",53.8,3.4,15.2,0
"632","2018-09-25",56.6,2.4,16.2,0
"633","2018-09-26",56.4,3.2,15.5,0
"634","2018-09-27",59.8,2.5,12.3,0
"635","2018-09-28",58.5,2.8,8.4,0.04
"636","2018-09-29",51.9,2.9,7,0.26
"637","2018-09-30",51.8,3.6,1.9,0.11
"638","2018-10-01",50.2,4.9,5.6,0.13
"639","2018-10-02",56.1,3.6,10.7,0
"640","2018-10-03",59.1,3.1,15.6,0
"641","2018-10-04",59.7,2.5,17.5,0
"642","2018-10-05",58.2,3.9,12.9,0
"643","2018-10-06",50.3,4.9,11,0
"644","2018-10-07",50.2,5.1,10.9,0
"645","2018-10-08",47.7,3.1,12.5,0
"646","2018-10-09",45.7,3.2,11.7,0
"647","2018-10-10",41.7,3.1,14.9,0
"648","2018-10-11",42.5,2.9,18.8,0
"649","2018-10-12",48.7,3.9,19,0
"650","2018-10-13",52.2,3.9,16.3,0
"651","2018-10-14",49.8,5.1,14.9,0
"652","2018-10-15",46.4,2.9,15.5,0
"653","2018-10-16",43.6,4.4,15.8,0
"654","2018-10-17",43,4.2,16.8,0
"655","2018-10-18",41.3,3.9,20.2,0
"656","2018-10-19",43,2.3,21,0
"657","2018-10-20",48.4,3.1,18.5,0
"658","2018-10-21",54.7,5,13.8,0
"659","2018-10-22",56.7,5.3,8.6,0.49
"660","2018-10-23",44.6,3.2,9.5,0.48
"661","2018-10-24",55.6,5.3,10.8,0
"662","2018-10-25",55.3,4.7,7.9,0.61
"663","2018-10-26",44.8,7.8,4.7,0.16
"664","2018-10-27",42.8,8,6.4,0
"665","2018-10-28",40.1,5.6,2.6,99.99
"666","2018-10-29",37.1,3.3,11.8,0
"667","2018-10-30",37.5,3.9,17.7,0
"668","2018-10-31",37.4,3.2,19.9,0
"669","2018-11-01",40.9,2.9,21.4,0
"670","2018-11-02",48.2,4.6,19,0
"671","2018-11-03",52.2,4.1,15.9,0
"672","2018-11-04",37.9,6.8,21.3,0.03
"673","2018-11-05",34.9,4.2,23,0
"674","2018-11-06",34.8,2.5,24.4,0
"675","2018-11-07",37.2,1.9,19,0
"676","2018-11-08",43.9,3.9,7.6,0.19
"677","2018-11-09",41.4,4.1,12.2,0.08
"678","2018-11-10",35.4,3.1,20.4,0
"679","2018-11-11",37.6,2.7,17.5,0
"680","2018-11-12",37.6,2.4,17.1,0
"681","2018-11-13",36.7,2.9,17.3,0
"682","2018-11-14",41.9,3.2,16.3,0
"683","2018-11-15",32.9,5.1,22.8,0
"684","2018-11-16",23.6,3.1,22.3,0
"685","2018-11-17",29.7,3.4,16.7,0
"686","2018-11-18",32,3.3,14.6,0
"687","2018-11-19",31,2.7,16.7,0.01
"688","2018-11-20",24.9,5.2,20.2,0.01
"689","2018-11-21",26.8,4.7,20.1,0
"690","2018-11-22",19.5,3.6,22.6,0
"691","2018-11-23",30.7,3.2,17.8,0.06
"692","2018-11-24",34.5,3.2,15.2,0.04
"693","2018-11-25",31.3,2.9,15.7,0
"694","2018-11-26",46.5,7.8,12.2,0
"695","2018-11-27",30.6,5.8,19.5,0
"696","2018-11-28",24.5,3.2,21.9,0
"697","2018-11-29",20.6,2.4,23.3,0
"698","2018-11-30",32.5,6.4,19.2,0
"699","2018-12-01",33.6,3.6,18.5,0
"700","2018-12-02",43.1,3.2,11.4,0.4
"701","2018-12-03",31.9,6.3,19.2,0.2
"702","2018-12-04",18,3.6,24.7,0
"703","2018-12-05",21.1,2.9,24.4,0.04
"704","2018-12-06",11.9,5.6,26.8,0.02
"705","2018-12-07",7.3,5.1,29.7,0.01
"706","2018-12-08",6.5,3.9,29.3,0
"707","2018-12-09",10.4,3.1,30.3,0
"708","2018-12-10",14.6,3.9,30.4,0
"709","2018-12-11",10.6,2.8,27.6,0
"710","2018-12-12",18.6,4.1,22.7,0
"711","2018-12-13",11.1,4.4,29.5,0
"712","2018-12-14",12.3,2.2,29.7,0
"713","2018-12-15",32.6,5.1,17,0
"714","2018-12-16",23,2.9,10.9,0
"715","2018-12-17",24.8,3.6,11.8,0
"716","2018-12-18",22.9,2.8,11.7,0
"717","2018-12-19",23.5,3.1,14.2,0
"718","2018-12-20",29.1,2.9,16.4,0
"719","2018-12-21",28.2,2.6,15.7,0.14
"720","2018-12-22",27,3.3,21.2,0.06
"721","2018-12-23",14.3,2.9,24.4,0
"722","2018-12-24",25.6,4.6,16.1,0
"723","2018-12-25",17.3,5.3,22.5,0
"724","2018-12-26",5.7,6.3,29.5,0
"725","2018-12-27",3.7,4.9,30.6,0
"726","2018-12-28",10.2,4.9,31,0
"727","2018-12-29",5.2,2.7,34.1,0
"728","2018-12-30",3.8,2.4,37.7,0
"729","2018-12-31",4.6,2.8,35.4,0
"730","2019-01-01",4.3,2.2,30.8,0
"731","2019-01-02",8.3,2.9,30.1,0
"732","2019-01-03",22.6,3.9,26.5,0
"733","2019-01-04",17.2,4.1,25.5,0
"734","2019-01-05",10.4,3.1,26.9,0
"735","2019-01-06",9.1,1.9,24.9,0
"736","2019-01-07",13.8,2.4,23.8,0
"737","2019-01-08",9.8,4.7,28.8,0
"738","2019-01-09",21.6,5.5,21.9,0
"739","2019-01-10",20.3,3.6,17.8,0
"740","2019-01-11",24.5,2.8,17.6,0
"741","2019-01-12",28.8,3.1,16.6,0
"742","2019-01-13",19,2.7,21,0
"743","2019-01-14",22.3,6.9,19.4,0
"744","2019-01-15",9.8,5.1,24.9,0
"745","2019-01-16",18.9,4.4,16.5,0
"746","2019-01-17",16.2,3.6,20.3,0
"747","2019-01-18",19.7,3.3,18.7,0
"748","2019-01-19",21.3,3.6,19.7,0
"749","2019-01-20",22.3,4.4,17.6,0
"750","2019-01-21",24.2,4.5,11.6,0
"751","2019-01-22",29.1,3.4,10.9,0
"752","2019-01-23",19.7,3.9,20,0
"753","2019-01-24",20.5,3.2,21.8,0
"754","2019-01-25",15,5,27.1,0
"755","2019-01-26",13.7,2.5,25.2,0
"756","2019-01-27",31.5,8.3,13.4,0.01
"757","2019-01-28",19.3,4.7,19.9,0
"758","2019-01-29",29.4,6.9,16.5,0
"759","2019-01-30",18.9,5.6,25.7,0
"760","2019-01-31",17,4.6,18.6,0
"761","2019-02-01",27.1,5.8,8.8,0
"762","2019-02-02",35.2,4.9,7.5,0
"763","2019-02-03",17.9,6.1,16.5,0
"764","2019-02-04",19.9,7.1,16.7,0
"765","2019-02-05",17.9,6.6,14.7,0.04
"766","2019-02-06",10.7,7.5,19.2,0
"767","2019-02-07",0.9,4.2,27.7,0
"768","2019-02-08",5.5,2.5,24.7,0
"769","2019-02-09",7.2,3.2,28.5,0
"770","2019-02-10",8.6,2.5,26.6,0
"771","2019-02-11",16.7,4.1,27.3,0
"772","2019-02-12",8.2,3.1,31.9,0
"773","2019-02-13",8,1.9,31.9,0
"774","2019-02-14",20.5,2.2,24.8,0.02
"775","2019-02-15",15.9,4.2,18.5,0.06
"776","2019-02-16",15.5,2.9,21.1,0.03
"777","2019-02-17",24.3,3.9,19.1,0
"778","2019-02-18",32.3,3.9,16.3,0
"779","2019-02-19",30.7,3.6,13.9,0.05
"780","2019-02-20",28.1,3.1,21,0
"781","2019-02-21",30.3,4.7,19.8,0
"782","2019-02-22",29.6,2.6,19.6,0
"783","2019-02-23",40.7,3.9,17.2,0
"784","2019-02-24",36.1,3.3,16.7,0
"785","2019-02-25",29.5,2.4,19.2,0
"786","2019-02-26",30.4,3.1,20.4,0
"787","2019-02-27",29.1,2.7,14.1,0
"788","2019-02-28",34,3.1,13.6,0
"789","2019-03-01",35.2,3.3,15.9,0
"790","2019-03-02",41.3,5.6,9.2,0
"791","2019-03-03",43.2,3.9,5.1,0
"792","2019-03-04",37.9,2.9,8.9,0
"793","2019-03-05",38.8,2.9,11.8,0.02
"794","2019-03-06",30.5,6.9,18.4,0
"795","2019-03-07",33.4,3.1,17.5,0
"796","2019-03-08",45,8.9,12.7,0
"797","2019-03-09",43.5,4.7,12.7,0
"798","2019-03-10",39.1,2.9,8.2,0
"799","2019-03-11",41.7,6.8,2.9,0
"800","2019-03-12",32,6.8,8,0
"801","2019-03-13",33.5,5.5,999.9,0
"802","2019-03-14",37.8,5.6,12.6,0
"803","2019-03-15",32,3.9,13.1,0.02
"804","2019-03-16",38.2,5.8,12.1,0
"805","2019-03-17",46.5,7.3,12.3,0
"806","2019-03-18",51.5,8.3,3,0
"807","2019-03-19",57,6.6,1.3,0
"808","2019-03-20",47.4,5.8,1.2,0.24
"809","2019-03-21",28.9,5.6,12,0.15
"810","2019-03-22",37.2,4.9,14.5,0.06
"811","2019-03-23",36.2,6.1,14.5,0
"812","2019-03-24",44.2,9.4,3.9,0
"813","2019-03-25",48.5,6.1,6.3,0
"814","2019-03-26",42.2,3.2,9.8,0
"815","2019-03-27",37.4,6.7,10.6,0
"816","2019-03-28",35.1,3.6,10.5,0
"817","2019-03-29",44.2,3.9,6.5,0
"818","2019-03-30",34.1,4.6,7.4,0.04
"819","2019-03-31",34.2,5.3,14.5,0
"820","2019-04-01",37.7,4.4,15.5,0
"821","2019-04-02",37.6,6.2,17.6,0
"822","2019-04-03",50.9,8.3,10.2,0
"823","2019-04-04",54.8,8.7,0.1,0
"824","2019-04-05",42.9,5.6,5.4,0
"825","2019-04-06",45,4.5,7.1,0
"826","2019-04-07",41.5,3.1,8.4,0
"827","2019-04-08",43.7,3.6,13.5,0
"828","2019-04-09",50.5,4.4,12,0
"829","2019-04-10",46.2,4.5,8.5,0
"830","2019-04-11",52.7,3.9,7.3,0
"831","2019-04-12",58.2,9.7,6.2,0
"832","2019-04-13",48,3.6,9.2,0.06
"833","2019-04-14",46.2,4.4,9,0.02
"834","2019-04-15",64.4,8.3,2.7,0
"835","2019-04-16",60,7,2.5,0
"836","2019-04-17",60.9,10.4,997.2,0
"837","2019-04-18",45.3,7.8,12.1,0
"838","2019-04-19",53.9,2.5,10.1,0.01
"839","2019-04-20",46.7,4.2,7,0
"840","2019-04-21",55.1,3.9,8.5,0
"841","2019-04-22",69.2,9,2.7,0
"842","2019-04-23",70.1,9.2,3.3,0
"843","2019-04-24",48.4,7.8,8.5,0.07
"844","2019-04-25",45.5,3.6,7.8,0
"845","2019-04-26",50.4,4.2,12,0
"846","2019-04-27",56.6,8,12.8,0
"847","2019-04-28",53.5,8.4,10.7,0
"848","2019-04-29",54.6,3.9,5.1,0.02
"849","2019-04-30",56.8,3.6,1.4,0.02
"850","2019-05-01",54.8,4.3,5.5,0
"851","2019-05-02",64.3,4.9,4.4,0
"852","2019-05-03",72.9,7,6.5,0
"853","2019-05-04",72.5,10.2,6.3,0
"854","2019-05-05",45.7,5.6,15.6,0.18
"855","2019-05-06",59,4.9,9.8,0.02
"856","2019-05-07",66.9,5.1,2.9,0
"857","2019-05-08",66.1,8,998.2,0
"858","2019-05-09",68.6,4.9,0,0
"859","2019-05-10",70.1,11.3,3.2,0
"860","2019-05-11",69.3,4.7,5.8,0
"861","2019-05-12",69.3,5.8,4.3,0.98
"862","2019-05-13",57.8,6.8,2.9,0
"863","2019-05-14",64.5,5.8,3,0
"864","2019-05-15",71.1,7.8,0.6,0
"865","2019-05-16",68.1,5.8,1,0
"866","2019-05-17",71.3,7.8,3.5,0
"867","2019-05-18",71.5,6.7,4.3,0
"868","2019-05-19",58.5,5.6,996,0.48
"869","2019-05-20",62.1,8.7,993.5,0
"870","2019-05-21",66.3,7.3,993.1,0
"871","2019-05-22",69,3.4,995.8,0
"872","2019-05-23",74.5,6.4,997.8,0
"873","2019-05-24",83.8,7.8,998,0
"874","2019-05-25",79.9,6.8,0.8,0
"875","2019-05-26",68.4,7.3,999.8,1.32
"876","2019-05-27",52.8,5.8,2.9,0.56
"877","2019-05-28",61.4,5.1,1.8,0.13
"878","2019-05-29",71.5,5.8,0.4,0
"879","2019-05-30",65.7,3.4,0.2,0
"880","2019-05-31",68.9,5.5,999.9,0
"881","2019-06-01",73.2,3.6,997.4,0
"882","2019-06-02",68.3,5.3,996,0.38
"883","2019-06-03",65.1,2.5,999,0.26
"884","2019-06-04",69.7,2.6,1.3,0.06
"885","2019-06-05",72.8,5.8,3,0
"886","2019-06-06",73.8,3.9,2.5,0
"887","2019-06-07",74.2,6.1,998.8,0
"888","2019-06-08",69,4.9,997.3,1.02
"889","2019-06-09",64.1,2.6,999,0.52
"890","2019-06-10",67.5,2.9,1.3,0.07
"891","2019-06-11",69.5,5.1,2.1,0
"892","2019-06-12",74.8,4.9,0.4,0
"893","2019-06-13",65.7,4.7,999.8,0.12
"894","2019-06-14",70.4,4.1,999.1,0.02
"895","2019-06-15",64.2,6.6,1.7,0
"896","2019-06-16",64,3.3,3.8,0
"897","2019-06-17",69.6,2.5,2.8,0
"898","2019-06-18",63.4,1.9,1.5,0.4
"899","2019-06-19",74.4,7,998.7,0.36
"900","2019-06-20",74.3,5.3,999.1,0
"901","2019-06-21",70.7,4.6,2.8,0
"902","2019-06-22",72.3,4.4,3.1,0
"903","2019-06-23",75.3,2.9,2.7,0
"904","2019-06-24",80,4.4,3,0
"905","2019-06-25",76.8,5.8,3.9,0
"906","2019-06-26",76,6.1,998.9,0.01
"907","2019-06-27",77.5,6.1,993.5,0
"908","2019-06-28",71.4,3.2,992.1,0
"909","2019-06-29",66.6,2.9,990.6,1.54
"910","2019-06-30",70,3.2,996,0
"911","2019-07-01",69.1,2.9,999.2,0
"912","2019-07-02",73.3,5.1,0.4,0
"913","2019-07-03",77.2,7,998.7,0
"914","2019-07-04",80.5,6.1,995.2,0
"915","2019-07-05",78.4,4.7,993.4,0
"916","2019-07-06",80.2,4.1,998.1,0
"917","2019-07-07",74.1,3.3,2.7,0.41
"918","2019-07-08",76.2,2.5,1.6,0.06
"919","2019-07-09",79.1,3.3,0.2,0.08
"920","2019-07-10",77,3.2,1.2,0.84
"921","2019-07-11",73.7,3.4,0.2,0.01
"922","2019-07-12",74.1,3.9,996.8,0.27
"923","2019-07-13",72.1,999.9,994.9,0.76
"924","2019-07-14",72.5,2.2,996.5,0.54
"925","2019-07-15",74.2,3.6,0.7,0
"926","2019-07-16",78.5,4.7,2.8,0
"927","2019-07-17",77.2,4.7,2.4,0.02
"928","2019-07-18",78.6,3.9,1.4,0.02
"929","2019-07-19",80.3,2.8,999.5,0
"930","2019-07-20",85,4.1,995.8,0
"931","2019-07-21",75,1.9,995.9,0.15
"932","2019-07-22",85.5,5.1,995,0.01
"933","2019-07-23",80.3,3.9,994.8,0
"934","2019-07-24",84.7,5.1,994,0.02
"935","2019-07-25",78.8,3.1,995.1,0.2
"936","2019-07-26",82.6,5.3,994.8,0.2
"937","2019-07-27",84.4,5.3,996.8,0
"938","2019-07-28",85.3,4.6,996.7,0
"939","2019-07-29",84.7,5.3,995,0.62
"940","2019-07-30",82,6.6,993.7,0.3
"941","2019-07-31",82.8,5.3,998.2,0
"942","2019-08-01",80.5,3.9,3.3,0
"943","2019-08-02",77.9,2.5,5.1,2.2
"944","2019-08-03",75,4.9,2.4,1.83
"945","2019-08-04",77.7,2.9,4,0.03
"946","2019-08-05",79.8,2.3,3.5,0.02
"947","2019-08-06",80.5,2.3,0.9,0.02
"948","2019-08-07",80.3,3.6,999,0.76
"949","2019-08-08",75.6,3.4,0.6,0.83
"950","2019-08-09",79.5,3.2,0.1,0.09
"951","2019-08-10",76.1,4.7,0.3,1.64
"952","2019-08-11",71.7,4.9,998.1,1.33
"953","2019-08-12",74.6,5.1,994.7,1.02
"954","2019-08-13",76.1,2.9,995,1.09
"955","2019-08-14",72.3,3.6,994.1,3.04
"956","2019-08-15",74.6,3.9,989.3,1.02
"957","2019-08-16",72.8,4.6,988.7,1.84
"958","2019-08-17",69.1,4.1,994.5,0.13
"959","2019-08-18",70.5,3.2,0.6,0.12
"960","2019-08-19",73.9,2.5,4.7,0
"961","2019-08-20",74.6,2.7,1.7,0.04
"962","2019-08-21",73.9,4.9,0.2,0.04
"963","2019-08-22",73.6,4.4,0.5,0
"964","2019-08-23",70.4,3.2,4.2,0
"965","2019-08-24",70.3,3.2,6.1,0
"966","2019-08-25",74.3,3.1,5.8,0.02
"967","2019-08-26",74.8,5.8,2.7,0.55
"968","2019-08-27",72.3,2.7,999.9,0.02
"969","2019-08-28",69.9,3.4,997.4,0.14
"970","2019-08-29",65.3,3.4,999.3,0.06
"971","2019-08-30",64.8,3.6,3.5,0.02
"972","2019-08-31",67.8,2.2,8,0
"973","2019-09-01",73.6,6.4,8.5,0
"974","2019-09-02",74.4,4.4,9.5,0
"975","2019-09-03",73.3,2.8,8.9,0
"976","2019-09-04",74.7,2.7,5.8,0.07
"977","2019-09-05",70.3,2.6,2.3,0.19
"978","2019-09-06",73.1,2.4,3,0
"979","2019-09-07",71.1,4.9,994.4,0.12
"980","2019-09-08",73.9,3.2,1.8,0
"981","2019-09-09",71,3.6,7.2,0
"982","2019-09-10",63.9,4.1,12.7,0
"983","2019-09-11",64,4.4,13.7,0
"984","2019-09-12",66.9,3.1,8.4,0
"985","2019-09-13",63.7,3.6,5.4,0.77
"986","2019-09-14",63.1,3.2,9,0
"987","2019-09-15",68.5,6.3,6.6,0.03
"988","2019-09-16",56.5,3.6,11.6,0.03
"989","2019-09-17",61.3,5.6,11.6,0
"990","2019-09-18",53.1,5.3,17.4,0
"991","2019-09-19",60.5,8.1,12.2,0
"992","2019-09-20",65.5,5.8,12.1,99.99
"993","2019-09-21",62,5.8,16.9,0
"994","2019-09-22",61.6,6.7,14.2,0
"995","2019-09-23",60.2,4.4,11.4,0
"996","2019-09-24",60.1,5.8,14.1,0
"997","2019-09-25",65.5,5.8,15,0
"998","2019-09-26",67,5.8,17.3,0
"999","2019-09-27",65.9,5.5,14.7,0
"1000","2019-09-28",67.9,8,10,0
"1001","2019-09-29",65.6,3.6,9.9,0
"1002","2019-09-30",69.6,8,8.9,0
"1003","2019-10-01",69.9,10.5,9.7,0
"1004","2019-10-02",69.7,6.5,999.9,0
"1005","2019-10-03",55.2,16.5,10.4,99.99
"1006","2019-10-04",42.6,12.1,17.4,0
"1007","2019-10-05",45.5,8.9,19.7,0
"1008","2019-10-06",45.5,4.2,16.6,0
"1009","2019-10-07",58.2,12.9,10.2,0
"1010","2019-10-08",49.1,9.4,14.3,0
"1011","2019-10-09",60.5,10,7.6,0
"1012","2019-10-10",60.1,11.9,9.6,0
"1013","2019-10-11",54.1,4.4,15.8,0
"1014","2019-10-12",51.1,6.1,17.9,0
"1015","2019-10-13",38,5.8,23.5,0
"1016","2019-10-14",36.4,3.6,29,0
"1017","2019-10-15",41.1,2.5,24.1,0
"1018","2019-10-16",47.6,2.5,20.1,0
"1019","2019-10-17",48.4,2.9,18.9,0
"1020","2019-10-18",55,2.3,16.4,0
"1021","2019-10-19",55.2,2.8,13.7,0
"1022","2019-10-20",58.6,4.4,12.4,0
"1023","2019-10-21",51.3,2.6,13.4,0
"1024","2019-10-22",52.4,2.3,12,0
"1025","2019-10-23",53.2,2.5,13.5,0
"1026","2019-10-24",55.2,4.7,14.6,0.2
"1027","2019-10-25",36.8,3.9,18.8,0.08
"1028","2019-10-26",36.9,2.7,13.7,0
"1029","2019-10-27",47,3.9,7.1,0
"1030","2019-10-28",48.7,6.3,2.8,0.17
"1031","2019-10-29",39.5,3.5,10.9,0
"1032","2019-10-30",55.8,5.8,7.6,0
"1033","2019-10-31",53.6,3.9,14.7,0
"1034","2019-11-01",40.5,2.4,19.6,0
"1035","2019-11-02",45.7,5.3,17,0
"1036","2019-11-03",34.9,5.8,22.5,0
"1037","2019-11-04",35.4,2.5,17.6,0
"1038","2019-11-05",34.5,2.9,17.6,0
"1039","2019-11-06",38.1,3.4,14.2,0
"1040","2019-11-07",32.1,5.4,999.9,0
"1041","2019-11-08",38.2,2.7,16.9,0
"1042","2019-11-09",43.5,3.2,11.8,0
"1043","2019-11-10",50.6,3.4,0.7,0.12
"1044","2019-11-11",40.3,3.9,10.1,0.12
"1045","2019-11-12",46.5,4.1,10.6,0
"1046","2019-11-13",26.1,5.6,17.4,0
"1047","2019-11-14",28.5,5.5,999.9,0.35
"1048","2019-11-15",24.3,3.2,15.4,0.28
"1049","2019-11-16",31,3.4,17.2,0
"1050","2019-11-17",31.9,5.6,12.4,0.48
"1051","2019-11-18",24.5,7.5,16.2,0.03
"1052","2019-11-19",18.5,4.4,22,0
"1053","2019-11-20",28.1,2.9,22.8,0
"1054","2019-11-21",40.3,3.2,19.4,0
"1055","2019-11-22",49.4,5,15.3,0
"1056","2019-11-23",36,8.3,17.3,0.61
"1057","2019-11-24",22.6,7.2,28.9,0.4
"1058","2019-11-25",18.2,2.6,29.5,0
"1059","2019-11-26",30,7.5,25.2,0
"1060","2019-11-27",17.1,4.4,34.9,0
"1061","2019-11-28",14.7,2.3,31.3,0
"1062","2019-11-29",21.3,2.3,28.7,0
"1063","2019-11-30",27.7,3.7,20.1,0.07
"1064","2019-12-01",19.9,3.3,18.4,0.05
"1065","2019-12-02",18.1,5,16.9,0
"1066","2019-12-03",15.5,2.7,20.5,0
"1067","2019-12-04",11.7,3.9,30.1,0
"1068","2019-12-05",2.3,2.1,36.8,0
"1069","2019-12-06",23,4.7,24.1,0
"1070","2019-12-07",16.3,2.4,24.2,0
"1071","2019-12-08",33.3,4,14.6,0
"1072","2019-12-09",29.7,2.2,11.9,0
"1073","2019-12-10",30,3.5,10.2,0
"1074","2019-12-11",19.6,3.5,17.7,0
"1075","2019-12-12",24.2,3.3,17.9,0
"1076","2019-12-13",31.3,5.1,18.6,0
"1077","2019-12-14",19.5,1.7,24.9,0
"1078","2019-12-15",28.5,3.7,19.6,0
"1079","2019-12-16",32.7,3.6,11.9,0.71
"1080","2019-12-17",18.1,4.5,22.6,0
"1081","2019-12-18",10.7,2.5,23.7,0
"1082","2019-12-19",11.5,2.3,23.3,0
"1083","2019-12-20",23,4.1,19,0
"1084","2019-12-21",19.2,2.5,18.9,0
"1085","2019-12-22",18.7,4.7,16.7,0
"1086","2019-12-23",10.2,3.5,24.9,0
"1087","2019-12-24",23.2,2.6,18.6,0
"1088","2019-12-25",17.3,4.9,20.5,0
"1089","2019-12-26",6.8,2.5,19.4,0
"1090","2019-12-27",14.7,2.5,16.3,0
"1091","2019-12-28",26.6,1.7,15.4,0
"1092","2019-12-29",16.9,4.8,19.6,0.12
"1093","2019-12-30",2.9,3.4,29.5,0
"1094","2019-12-31",9.2,2.8,25.7,0
"1095","2020-01-01",6.6,1.9,25.7,0
"1096","2020-01-02",9.1,2.2,23.8,0
"1097","2020-01-03",13.3,2.1,20.4,0
"1098","2020-01-04",14,1.7,24.1,0
"1099","2020-01-05",20.4,2.2,24.3,0
"1100","2020-01-06",29.7,3.3,19.2,0
"1101","2020-01-07",16.1,8.1,17.1,0
"1102","2020-01-08",18.9,3.6,20.3,0.02
"1103","2020-01-09",14.4,2.5,20.9,0
"1104","2020-01-10",14.4,2.2,18.2,0
"1105","2020-01-11",9.5,2.3,19.4,0
"1106","2020-01-12",4.2,2,17.2,0
"1107","2020-01-13",7.6,2.8,20.6,0
"1108","2020-01-14",5.5,2.1,24.4,0
"1109","2020-01-15",7.1,1.9,24.3,0
"1110","2020-01-16",7.5,2.2,24.7,0
"1111","2020-01-17",10.3,1.7,20.2,0
"1112","2020-01-18",21.2,2.2,13,0.05
"1113","2020-01-19",13.6,2.9,13.3,0
"1114","2020-01-20",11.5,3.7,20.1,0
"1115","2020-01-21",23.9,3.7,17.9,0
"1116","2020-01-22",30.1,2.8,17.6,0.01
"1117","2020-01-23",20.3,4.2,27.2,0
"1118","2020-01-24",13,2.8,30.9,0
"1119","2020-01-25",17.1,2.4,27.6,0
"1120","2020-01-26",15.1,2.5,25.4,0
"1121","2020-01-27",25.2,2.1,18.5,0
"1122","2020-01-28",21.1,5.4,18.6,0
"1123","2020-01-29",11.5,8.3,19.7,0
"1124","2020-01-30",9.3,5,18.5,0
"1125","2020-01-31",12.8,1.3,17.5,0
"1126","2020-02-01",15,2.3,23.5,0
"1127","2020-02-02",14,2.8,22.8,0
"1128","2020-02-03",15.3,2.9,21.2,0
"1129","2020-02-04",8.6,5.2,27.1,0
"1130","2020-02-05",1.7,3.5,33.4,0
"1131","2020-02-06",13.3,3,26,0
"1132","2020-02-07",17.1,3.1,22.9,0
"1133","2020-02-08",15.6,2.3,24,0
"1134","2020-02-09",28.6,5.3,14.1,0
"1135","2020-02-10",30.3,2,14.6,0
"1136","2020-02-11",42.3,5.8,12,0
"1137","2020-02-12",41.1,3.3,7.6,0
"1138","2020-02-13",37.2,7.2,12.9,0
"1139","2020-02-14",20.6,9.2,22.2,0.15
"1140","2020-02-15",19,9.3,15.9,0.29
"1141","2020-02-16",15.7,8.7,16,0.02
"1142","2020-02-17",9.7,4.5,19.9,0
"1143","2020-02-18",21.5,2.6,20.3,0
"1144","2020-02-19",25.7,2.7,23.9,0
"1145","2020-02-20",32.1,2.4,23.9,0
"1146","2020-02-21",32.6,3.8,16.7,0.5
"1147","2020-02-22",27.8,4.5,19.6,0
"1148","2020-02-23",35.6,5.3,13.6,0
"1149","2020-02-24",37.2,5.1,17.4,0
"1150","2020-02-25",32.2,7.1,19.2,0
"1151","2020-02-26",27.8,4.4,26.5,0
"1152","2020-02-27",31.5,3.2,20.2,0
"1153","2020-02-28",33.9,4.3,13.2,0
"1154","2020-02-29",32.2,3.6,16,0
"1155","2020-03-01",31.8,4.8,17.3,0
"1156","2020-03-02",30.1,3.1,19.9,0
"1157","2020-03-03",30.8,4.8,16,0.13
"1158","2020-03-04",22.4,3.8,22.2,0.01
"1159","2020-03-05",30.8,5.1,14.8,0
"1160","2020-03-06",38.8,4,9.8,0.01
"1161","2020-03-07",37.7,2,11.6,0.06
"1162","2020-03-08",42.6,4.2,10.4,0.02
"1163","2020-03-09",35.2,5.2,11.4,0.12
"1164","2020-03-10",33.7,5.5,8.9,0
"1165","2020-03-11",37.7,4.7,8.1,0
"1166","2020-03-12",33.3,4.8,17.2,0
"1167","2020-03-13",32.2,4.4,15.3,0
"1168","2020-03-14",39.3,6.3,5.3,0
"1169","2020-03-15",25.7,6.2,15.9,0
"1170","2020-03-16",36.9,7.3,8.2,0
"1171","2020-03-17",41.7,4.8,4.3,0
"1172","2020-03-18",52.5,8.8,995.5,0
"1173","2020-03-19",38.1,4.4,1.4,0
"1174","2020-03-20",47.5,4.9,1.7,0
"1175","2020-03-21",39.5,3,9.2,0
"1176","2020-03-22",45.6,4.1,10.4,0
"1177","2020-03-23",41.6,3.5,14.7,0
"1178","2020-03-24",51.9,3.1,9.7,0
"1179","2020-03-25",53.3,6.1,7.4,0
"1180","2020-03-26",34.8,5.3,16.6,0.05
"1181","2020-03-27",36.3,4.1,17.9,0
"1182","2020-03-28",37.8,3.6,17.2,0
"1183","2020-03-29",44.4,5.6,12.1,0
"1184","2020-03-30",54,7.5,9.8,0
"1185","2020-03-31",50.2,6.3,12.8,0
"1186","2020-04-01",44.6,3.9,15,0
"1187","2020-04-02",52.5,6.8,12.5,0
"1188","2020-04-03",49.8,8,13.6,0
"1189","2020-04-04",35.1,7,22.5,0
"1190","2020-04-05",40.3,2.7,17.9,0
"1191","2020-04-06",50.9,4.3,12.7,0
"1192","2020-04-07",43,4.9,14.1,0
"1193","2020-04-08",42.4,4.4,17.1,0
"1194","2020-04-09",39.6,3.6,20.6,0
"1195","2020-04-10",44.6,3.4,19,0
"1196","2020-04-11",53.8,5.3,12.2,0
"1197","2020-04-12",51.2,5.6,11.4,0
"1198","2020-04-13",54.3,2.5,8.2,0
"1199","2020-04-14",60.3,5.6,4.7,0
"1200","2020-04-15",60.1,5.3,4.8,0
"1201","2020-04-16",61.9,5.3,5.5,0.02
"1202","2020-04-17",52.3,3.5,7.5,0
"1203","2020-04-18",57.5,2.5,9.8,0
"1204","2020-04-19",53.3,3.9,2.5,0.28
"1205","2020-04-20",42.6,8,4.6,0.33
"1206","2020-04-21",37.9,10.2,7.2,0
"1207","2020-04-22",35.3,4.7,11.1,0.01
"1208","2020-04-23",45.5,3.9,7.1,0
"1209","2020-04-24",54.8,7.3,997.1,0
"1210","2020-04-25",47.3,5,7.7,0
"1211","2020-04-26",48.2,4.7,12.9,0
"1212","2020-04-27",57.5,4.4,10.4,0
"1213","2020-04-28",65.1,6.8,3.1,0
"1214","2020-04-29",62.5,6.1,4,0
"1215","2020-04-30",62.9,5.3,0.7,0
"1216","2020-05-01",70,6.3,996.8,0
"1217","2020-05-02",73.6,7.3,998,0
"1218","2020-05-03",52,6.6,5.5,0.12
"1219","2020-05-04",49.1,5.1,7.5,0
"1220","2020-05-05",61.1,4.5,6.3,0
"1221","2020-05-06",64.1,4.4,9.6,0
"1222","2020-05-07",67.6,6.1,7.9,0
"1223","2020-05-08",54.6,3.6,7,0.38
"1224","2020-05-09",59.1,2.7,999.3,0.09
"1225","2020-05-10",65.7,8,997.1,0
"1226","2020-05-11",61.6,9.5,993.7,0.13
"1227","2020-05-12",59,6.9,999.2,0
"1228","2020-05-13",71.6,7,0.6,0
"1229","2020-05-14",70.5,7.8,1.9,0
"1230","2020-05-15",57.6,2.9,2.1,0.07
"1231","2020-05-16",62.9,3.2,996.9,1.14
"1232","2020-05-17",62.7,4.1,997.2,0
"1233","2020-05-18",57.7,6.8,994,1.16
"1234","2020-05-19",55.9,4.2,999,0.07
"1235","2020-05-20",59.9,2.9,4.3,0
"1236","2020-05-21",61.5,4.4,3.8,0.29
"1237","2020-05-22",56.6,2.3,0.7,0.95
"1238","2020-05-23",60.3,3.9,1,0.07
"1239","2020-05-24",66.6,5.1,2.9,0
"1240","2020-05-25",64.2,3.9,3,0
"1241","2020-05-26",64.7,3.4,1.9,0
"1242","2020-05-27",57,5.3,2,0.09
"1243","2020-05-28",64.7,4.1,3.7,0
"1244","2020-05-29",72.4,4.4,5.9,0
"1245","2020-05-30",72.9,7.1,5.8,0
"1246","2020-05-31",63.5,7,998.5,0.84
"1247","2020-06-01",65.5,5.3,998.5,0
"1248","2020-06-02",63.5,4.9,995.4,0.05
"1249","2020-06-03",68.6,5.3,992.7,0
"1250","2020-06-04",66.4,3.9,0.2,0
"1251","2020-06-05",68.4,4.4,3.3,0
"1252","2020-06-06",72.8,3.2,1.5,0
"1253","2020-06-07",76.5,5.1,0.1,0
"1254","2020-06-08",78.6,6.2,3.6,0
"1255","2020-06-09",76.4,3.9,6,0
"1256","2020-06-10",73.2,5.8,999.7,0.04
"1257","2020-06-11",73.7,2.4,998.5,0
"1258","2020-06-12",77.9,6.3,996.1,0
"1259","2020-06-13",74.8,6.6,996.4,0.07
"1260","2020-06-14",75.1,5.6,997.5,0
"1261","2020-06-15",70.7,4.4,0.1,0
"1262","2020-06-16",76.3,3.9,998.1,0
"1263","2020-06-17",79,4.9,995.3,0
"1264","2020-06-18",76.8,4.1,997.9,0
"1265","2020-06-19",78.5,3.2,999.9,0
"1266","2020-06-20",81.6,8,997.9,0
"1267","2020-06-21",79.7,7.2,998.3,0
"1268","2020-06-22",79.1,6.3,0.3,0
"1269","2020-06-23",73.7,4.9,0.8,0
"1270","2020-06-24",69.8,3.6,998.2,0
"1271","2020-06-25",72.4,5.3,995.6,1.09
"1272","2020-06-26",68.3,3.2,999,0.21
"1273","2020-06-27",71.6,3.1,999.3,0
"1274","2020-06-28",75.9,2.7,998.3,0
"1275","2020-06-29",76.8,2.7,995.5,0.1
"1276","2020-06-30",76.2,3.9,995.1,0
"1277","2020-07-01",76.7,4.4,999.1,0
"1278","2020-07-02",77.1,4.2,3.9,0
"1279","2020-07-03",78.2,3.9,2.9,0
"1280","2020-07-04",75.7,5.8,997.1,0.04
"1281","2020-07-05",72.7,5.8,993.2,0.06
"1282","2020-07-06",73,3.4,994.9,0
"1283","2020-07-07",72,4.4,0.6,0
"1284","2020-07-08",73.1,2.9,999.3,0
"1285","2020-07-09",77.2,3.2,998.1,0
"1286","2020-07-10",80.8,2.7,998.4,0
"1287","2020-07-11",78.1,3.2,2.5,0
"1288","2020-07-12",78.2,2.8,1.7,0.05
"1289","2020-07-13",77.2,4.4,999,0
"1290","2020-07-14",76.1,3.6,998.8,0
"1291","2020-07-15",79.9,4.4,998.1,0
"1292","2020-07-16",80.5,4.9,998.6,0
"1293","2020-07-17",78.3,5.3,0.2,0
"1294","2020-07-18",78.2,3.4,0.4,0
"1295","2020-07-19",68.2,4.4,996.3,1.63
"1296","2020-07-20",72.5,3.1,0,0
"1297","2020-07-21",79.7,4.4,3.8,0
"1298","2020-07-22",81.2,2.3,2.1,0
"1299","2020-07-23",81.5,2.8,0.6,0
"1300","2020-07-24",78.8,3.1,999.5,0
"1301","2020-07-25",81.6,2.4,999.5,0
"1302","2020-07-26",80.2,4.1,0.9,0.18
"1303","2020-07-27",74.4,2.8,2.1,0.2
"1304","2020-07-28",77.5,3.6,3.6,0
"1305","2020-07-29",76.2,3.3,4.1,0.04
"1306","2020-07-30",79.9,5,3.3,0
"1307","2020-07-31",80.1,6.1,2.1,0
"1308","2020-08-01",78.8,3.9,999,0
"1309","2020-08-02",77.7,3.9,995.3,0
"1310","2020-08-03",77,6.3,995.5,2.94
"1311","2020-08-04",79.7,5.3,999.7,0.12
"1312","2020-08-05",78.3,2.2,1.3,0.02
"1313","2020-08-06",79.5,3.6,0.5,0
"1314","2020-08-07",79.3,3.2,998.6,0
"1315","2020-08-08",81.2,3.9,993.9,0
"1316","2020-08-09",76.5,2.8,992.3,0
"1317","2020-08-10",76.3,3.9,994.8,0.33
"1318","2020-08-11",81.4,5.8,0.7,0
"1319","2020-08-12",81.1,2.7,3.2,0
"1320","2020-08-13",76.9,5.6,992.7,1.9
"1321","2020-08-14",81.7,7.5,994.2,0
"1322","2020-08-15",78.3,3.3,999.6,0
"1323","2020-08-16",78.9,2.9,2.1,0
"1324","2020-08-17",81.3,4.1,2.4,0.46
"1325","2020-08-18",77.1,4.4,2.2,1.66
"1326","2020-08-19",67.1,5.1,6.5,0.87
"1327","2020-08-20",67.5,5.3,9.7,0
"1328","2020-08-21",69.6,3.9,8.9,0
"1329","2020-08-22",73.2,2.2,4,0
"1330","2020-08-23",76,3.9,998.3,0.01
"1331","2020-08-24",69.3,2.7,992.9,3.46
"1332","2020-08-25",74.1,1.9,998.7,0
"1333","2020-08-26",76.2,3.9,997.3,0.5
"1334","2020-08-27",72.4,4.6,992.8,0.67
"1335","2020-08-28",71.2,2.9,0.7,0
"1336","2020-08-29",71.4,2.7,5.3,0
"1337","2020-08-30",74.6,2.3,5.9,0
"1338","2020-08-31",75.4,3.2,2.3,0.43
"1339","2020-09-01",73.4,3.6,0.6,0
"1340","2020-09-02",74.2,4.1,999.6,0
"1341","2020-09-03",62.9,5.6,995,0.83
"1342","2020-09-04",66.9,4.4,0.4,0.04
"1343","2020-09-05",70,4.5,4.2,0
"1344","2020-09-06",72.6,2.3,3.6,0
"1345","2020-09-07",68.1,6.8,996.2,0.7
"1346","2020-09-08",66.2,4.4,0.9,0.15
"1347","2020-09-09",65.2,4.6,999.9,0.03
"1348","2020-09-10",65,2.7,2.8,0.21
"1349","2020-09-11",68.1,3.9,11.8,0.28
"1350","2020-09-12",67.6,3.2,13.2,0
"1351","2020-09-13",64.8,3.2,10,0
"1352","2020-09-14",67.6,2.5,8.3,0
"1353","2020-09-15",70.3,4.1,1.2,0.65
"1354","2020-09-16",65.8,8,997.1,0.01
"1355","2020-09-17",63.2,5.3,0.8,0
"1356","2020-09-18",62.4,4.4,4.8,0
"1357","2020-09-19",57.6,3.3,9.6,0.01
"1358","2020-09-20",58.6,3.2,12.4,0
"1359","2020-09-21",60.7,2.2,12.2,0
"1360","2020-09-22",59.3,3.3,13.3,0
"1361","2020-09-23",61.8,2.5,12.5,0
"1362","2020-09-24",62.2,2.6,10.9,0
"1363","2020-09-25",63.2,2.8,11.3,0
"1364","2020-09-26",62.3,2.8,12.4,0
"1365","2020-09-27",65.4,4.1,11.2,0
"1366","2020-09-28",64.8,5.8,9.2,0.11
"1367","2020-09-29",52.5,3.9,9.8,0.01
"1368","2020-09-30",52,3.2,8.7,0
"1369","2020-10-01",53,2.2,4.7,0.12
"1370","2020-10-02",55.4,3.9,7.7,0
"1371","2020-10-03",58,5.3,7.7,0.07
"1372","2020-10-04",52.9,6.8,9,0.02
"1373","2020-10-05",48,2.8,14.7,0
"1374","2020-10-06",50.2,3.6,17,0
"1375","2020-10-07",54.1,3.8,20.1,0
"1376","2020-10-08",59.7,3.4,20.4,0
"1377","2020-10-09",61,4.2,15.6,0
"1378","2020-10-10",62.4,4.9,11.4,0
"1379","2020-10-11",48.9,4.9,12.7,0
"1380","2020-10-12",43.9,2.3,13.3,0
"1381","2020-10-13",44,4.4,19.8,0
"1382","2020-10-14",39.2,2.7,22.2,0
"1383","2020-10-15",46,3.3,17,0
"1384","2020-10-16",45.5,2.7,15.8,0.01
"1385","2020-10-17",53.5,5.8,13.7,0
"1386","2020-10-18",46.6,2.9,17.5,0
"1387","2020-10-19",53.4,4.9,16.7,0
"1388","2020-10-20",62.1,6.3,13,0
"1389","2020-10-21",44.2,4.7,9.8,0.26
"1390","2020-10-22",36.9,4.2,13.8,0
"1391","2020-10-23",35.2,3.3,14.8,0
"1392","2020-10-24",39.4,2.7,13.3,0
"1393","2020-10-25",47.6,3.3,12.7,0
"1394","2020-10-26",53.8,3.4,13.2,0
"1395","2020-10-27",41.4,2.8,19,0
"1396","2020-10-28",38.8,3.3,20.9,0
"1397","2020-10-29",41,3.4,21.7,0
"1398","2020-10-30",44.5,2.7,18.4,0
"1399","2020-10-31",52.9,5.8,9.9,0.02
"1400","2020-11-01",43.3,6.2,13.9,0
"1401","2020-11-02",38.5,6.3,16.9,0
"1402","2020-11-03",29.1,4.9,18.1,0
"1403","2020-11-04",43.3,4.4,13.4,0
"1404","2020-11-05",54.9,7.8,12.4,0
"1405","2020-11-06",53.1,5.3,8,0
"1406","2020-11-07",45.9,5.6,13.8,0
"1407","2020-11-08",31.7,4.9,20.7,0
"1408","2020-11-09",32.1,2.9,20.5,0
"1409","2020-11-10",37.8,2.9,21.5,0
"1410","2020-11-11",52.9,5.6,19.4,0
"1411","2020-11-12",50.3,6.3,21,0
"1412","2020-11-13",37.8,2.9,25.4,0
"1413","2020-11-14",47.5,4.1,19.5,0
"1414","2020-11-15",49.5,5.8,20.1,0
"1415","2020-11-16",41.9,3.1,20,0
"1416","2020-11-17",53.3,4.4,13.3,0.02
"1417","2020-11-18",40.5,7,0.5,1.55
"1418","2020-11-19",25.7,7.5,9.2,0
"1419","2020-11-20",24.6,3.6,21.8,0
"1420","2020-11-21",25.2,4.6,23.3,0.06
"1421","2020-11-22",18.7,3.4,24.7,0
"1422","2020-11-23",24.1,3.9,23.4,0
"1423","2020-11-24",29.7,2.9,21.2,0
"1424","2020-11-25",31.7,3.9,24.3,0
"1425","2020-11-26",28.3,6.6,26.6,0
"1426","2020-11-27",22.3,5.1,28.1,0
"1427","2020-11-28",19,2.7,26,0
"1428","2020-11-29",19,3.2,27.3,0
"1429","2020-11-30",17.8,2.5,32.7,0
"1430","2020-12-01",17.6,2.2,31.3,0
"1431","2020-12-02",21.3,4.2,27.8,0
"1432","2020-12-03",18.3,3.2,26.8,0
"1433","2020-12-04",17.7,2.9,23.3,0
"1434","2020-12-05",23.1,2.9,21.3,0
"1435","2020-12-06",26.1,4.2,22.4,0
"1436","2020-12-07",16,3.4,25.4,0
"1437","2020-12-08",21.2,2.9,20.8,0
"1438","2020-12-09",30.6,5.1,14.3,0
"1439","2020-12-10",25,3.2,14.7,0
"1440","2020-12-11",18.8,3.3,16.8,0
"1441","2020-12-12",18,4.9,16.1,0
"1442","2020-12-13",12,6.6,23.2,0
"1443","2020-12-14",10.7,5.3,26.6,0
"1444","2020-12-15",6.5,3.9,27.5,0
"1445","2020-12-16",6.1,2.7,26.2,0
"1446","2020-12-17",16.7,3.9,23,0
"1447","2020-12-18",10.7,4.4,29.1,0
"1448","2020-12-19",9.6,2.4,27.5,0
"1449","2020-12-20",14.4,2.8,24.6,0
"1450","2020-12-21",21.2,3.9,18.4,0
"1451","2020-12-22",30.7,5,13.1,0
"1452","2020-12-23",31,6.8,11.2,0
"1453","2020-12-24",19.8,4.9,14.8,0
"1454","2020-12-25",17.2,3.1,17.4,0
"1455","2020-12-26",24.4,3.1,14.1,0
"1456","2020-12-27",19,5.1,18.2,0
"1457","2020-12-28",12,5.1,25.3,0
"1458","2020-12-29",1.9,7.3,27.7,0
"1459","2020-12-30",6,5.6,21.9,0
"1460","2020-12-31",10.3,4.9,19.6,0
"1461","2021-01-01",3,2.9,23.2,0
"1462","2021-01-02",3.6,2.9,27.2,0
"1463","2021-01-03",4.7,3.3,27.9,0
"1464","2021-01-04",4.6,3.6,27.6,0
"1465","2021-01-05",1.4,2.5,26.2,0
"1466","2021-01-06",0.3,7.3,22.5,0
"1467","2021-01-07",-3.5,5.1,23.4,0
"1468","2021-01-08",0.2,4.1,18.7,0
"1469","2021-01-09",7.4,3.2,18.6,0
"1470","2021-01-10",9.9,2.9,22.3,0
"1471","2021-01-11",16.3,3.9,13.7,0
"1472","2021-01-12",26.3,6.3,1.5,0
"1473","2021-01-13",13.3,3.6,12.9,0
"1474","2021-01-14",20.6,4.4,13.3,0.09
"1475","2021-01-15",2.9,6.5,21.2,0.05
"1476","2021-01-16",-1.3,2.9,24.7,0
"1477","2021-01-17",13.1,4.9,14.8,0
"1478","2021-01-18",0.3,4.4,24.5,0
"1479","2021-01-19",14.6,3.2,22.9,0
"1480","2021-01-20",31.8,5.8,16.6,0
"1481","2021-01-21",32.2,3.6,15.7,0
"1482","2021-01-22",19.6,3.9,19.1,0
"1483","2021-01-23",21.2,2.4,17.6,0
"1484","2021-01-24",26.4,2.2,21.3,0
"1485","2021-01-25",30.1,2.3,17.4,0.2
"1486","2021-01-26",20,2.5,18.3,0
"1487","2021-01-27",20.3,3.2,15.3,0.15
"1488","2021-01-28",4.5,6.7,19.8,0
"1489","2021-01-29",10,2.9,16.3,0
"1490","2021-01-30",9.3,5.1,22.3,0
"1491","2021-01-31",26.8,4.9,10.6,0
"1492","2021-02-01",8.5,5.3,20.2,0
"1493","2021-02-02",2.6,3.4,20.7,0
"1494","2021-02-03",5.3,2.4,18.9,0
"1495","2021-02-04",20.2,4.9,12.2,0
"1496","2021-02-05",30.3,5.3,4.3,0
"1497","2021-02-06",26,5.1,13.8,0
"1498","2021-02-07",15.6,4.4,24.1,0
"1499","2021-02-08",14.6,3.6,23.5,0
"1500","2021-02-09",27.5,4.4,15,0
"1501","2021-02-10",35.7,999.9,14.9,0
"1502","2021-02-13",29.7,5.8,16,0.06
"1503","2021-02-14",20.9,9,13.9,0.05
"1504","2021-02-15",14.5,3.9,12.4,0
"1505","2021-02-16",12.2,8.3,16.2,0
"1506","2021-02-17",13.1,5.8,19.3,0
"1507","2021-02-18",16.9,3.9,13.9,0
"1508","2021-02-19",38.1,6.8,998.1,0
"1509","2021-02-21",35.5,5.3,6.2,0
"1510","2021-02-22",23.3,7.1,22.8,0
"1511","2021-02-23",16.6,3.6,25,0
"1512","2021-02-24",28.3,6.1,20,0
"1513","2021-02-25",26.9,4.7,21.5,0
"1514","2021-02-26",31.1,2.2,20.6,0
"1515","2021-02-27",40.6,5.8,18.2,0
"1516","2021-02-28",31.9,7.6,22.5,0.04
"1517","2021-03-01",21,7.3,21.7,0
"1518","2021-03-02",28.4,5.3,19.2,0
"1519","2021-03-03",40.1,7,12,0
"1520","2021-03-04",43.2,7,10.5,0
"1521","2021-03-05",20.4,9.5,28.2,0
"1522","2021-03-06",19.2,5.6,29.3,0
"1523","2021-03-07",25.6,2.8,23.1,0
"1524","2021-03-08",37.2,5.1,17.8,0
"1525","2021-03-09",41.2,5.3,19.7,0
"1526","2021-03-10",46.4,6.6,17.4,0
"1527","2021-03-11",41.7,3.9,18.6,0
"1528","2021-03-12",39.3,2.7,18.6,0
"1529","2021-03-13",39.2,2.3,14.7,0
"1530","2021-03-14",47,5.8,8.1,0
"1531","2021-03-15",42.6,7,8.6,0.09
"1532","2021-03-16",34,5.5,15.8,0
"1533","2021-03-17",41.2,3.9,17.9,0
"1534","2021-03-18",39.7,4.4,17.3,0
"1535","2021-03-19",46.1,4.1,11.5,0.09
"1536","2021-03-20",36.6,5.1,7.4,0.19
"1537","2021-03-21",33.6,4.1,11.4,0.04
"1538","2021-03-22",45.7,7.5,7.5,0
"1539","2021-03-23",49,5.3,4.9,0
"1540","2021-03-24",45.7,3.3,11.3,0
"1541","2021-03-25",50.7,5.8,11.7,0
"1542","2021-03-26",54.5,4.9,7.9,0
"1543","2021-03-27",50.5,4.7,999.7,0
"1544","2021-03-28",46.4,6.1,995.4,0
"1545","2021-03-29",47.3,7.3,1.4,0
"1546","2021-03-30",47.2,2.9,5.8,0
"1547","2021-03-31",51.6,3.6,9.3,0
"1548","2021-04-01",57.3,3.3,12.2,0
"1549","2021-04-02",55.5,4.6,14.3,0.09
"1550","2021-04-03",44.8,7.3,17.4,0
"1551","2021-04-04",44.6,3.3,16.3,0
"1552","2021-04-05",56.5,8,11.7,0
"1553","2021-04-06",55.1,6.1,15.5,0
"1554","2021-04-07",41,5.6,18.1,0
"1555","2021-04-08",42.9,3.9,18.1,0
"1556","2021-04-09",48.1,3.6,20.1,0
"1557","2021-04-10",55.6,5.1,18.5,0
"1558","2021-04-11",56.9,6.7,16.7,0
"1559","2021-04-12",46.9,7.8,11.4,0.1
"1560","2021-04-13",39.7,6.2,11.7,0
"1561","2021-04-14",45.9,4.5,8,0
"1562","2021-04-15",55.2,8.5,1.4,0
"1563","2021-04-16",49.1,9.7,2.9,0
"1564","2021-04-17",38.5,4.1,10.4,0.06
"1565","2021-04-18",55.9,6.6,5.8,0
"1566","2021-04-19",62.1,5.8,6.4,0
"1567","2021-04-20",62.1,3.6,12.1,0
"1568","2021-04-21",66.9,7.3,12.3,0
"1569","2021-04-22",61.2,4.4,12.6,0.12
"1570","2021-04-23",53.6,3.6,17.5,0.34
"1571","2021-04-24",51.3,7.5,20.3,0
"1572","2021-04-25",54.9,5.1,16.1,0
"1573","2021-04-26",62.3,8.5,8,0.02
"1574","2021-04-27",53.4,5.6,4.4,0.02
"1575","2021-04-28",55.8,6.3,2.8,0
"1576","2021-04-29",50,6.2,997.2,0.82
"1577","2021-04-30",47.5,2.8,0.5,0
"1578","2021-05-01",50.5,3.6,5.4,0
"1579","2021-05-02",58.3,5.3,8.8,0
"1580","2021-05-03",62.5,9.5,2.5,0
"1581","2021-05-04",50.7,3.2,0.5,0.11
"1582","2021-05-05",62.9,8.7,998.8,0
"1583","2021-05-06",64.4,8,994.3,0.23
"1584","2021-05-07",56.4,7.8,991.5,0.04
"1585","2021-05-08",50.5,5.6,995.7,0.07
"1586","2021-05-09",57.1,4.9,3.2,0
"1587","2021-05-10",57.2,4.4,7,0
"1588","2021-05-11",67.6,6.8,4.5,0
"1589","2021-05-12",62.4,4.6,4.6,0
"1590","2021-05-13",63.4,3.6,4.8,0.02
"1591","2021-05-14",72.3,6.1,1.5,0.01
"1592","2021-05-15",56.7,5.3,4.4,0.22
"1593","2021-05-16",56.5,4.3,1.5,0
"1594","2021-05-17",65.4,3.5,0.4,0
"1595","2021-05-18",74.3,7.3,998.3,0
"1596","2021-05-19",74.5,7,999.7,0
"1597","2021-05-20",66.8,6.3,999.4,0
"1598","2021-05-21",71.4,7.2,999.3,0
"1599","2021-05-22",76.7,7,999.1,0.09
"1600","2021-05-23",56.1,3.4,1.8,1.03
"1601","2021-05-24",61.3,5.1,997.5,0
"1602","2021-05-25",64.4,6.6,996.3,0
"1603","2021-05-26",51,2.9,995.8,0.26
"1604","2021-05-27",61.5,3.8,992.9,0.69
"1605","2021-05-28",56.9,3.6,994.9,0.12
"1606","2021-05-29",63.5,3.6,0,0
"1607","2021-05-30",61.2,3.9,2.4,0
"1608","2021-05-31",69.3,4.6,1.8,0.09
"1609","2021-06-01",68.2,5.1,3.6,0.03
"1610","2021-06-02",62.6,4.9,999.6,2.33
"1611","2021-06-03",66.1,6.3,993.4,0
"1612","2021-06-04",63.3,6.3,988.1,0.13
"1613","2021-06-05",65.5,4.1,991.8,0
"1614","2021-06-06",66.7,3.2,0.6,0
"1615","2021-06-07",72.3,3.6,6.1,0
"1616","2021-06-08",75.1,4.2,6.5,0
"1617","2021-06-09",75.4,4.9,5.7,0.33
"1618","2021-06-10",67.7,2.5,1.3,0.44
"1619","2021-06-11",73.6,4.1,2.9,0
"1620","2021-06-12",78,5.6,3,0
"1621","2021-06-13",79.6,5.6,998.8,0
"1622","2021-06-14",75.9,4.6,996.5,0
"1623","2021-06-15",70.3,3.6,998.7,0.17
"1624","2021-06-16",75.4,5.6,998.5,0.2
"1625","2021-06-17",64.2,5.8,995.2,1.27
"1626","2021-06-18",71.7,6.1,990.7,0.02
"1627","2021-06-19",72.7,3.4,990.2,0
"1628","2021-06-20",69.4,4.1,994.9,0
"1629","2021-06-21",69.4,3.6,999.9,0.06
"1630","2021-06-22",69.1,3.1,3.5,0
"1631","2021-06-23",71.3,3.1,4.5,0
"1632","2021-06-24",74.5,2.8,3.1,0
"1633","2021-06-25",71.9,4.9,1,0.39
"1634","2021-06-26",68.5,3.4,1,1.29
"1635","2021-06-27",68,3.6,0,0.1
"1636","2021-06-28",71.3,3.6,998.6,0.43
"1637","2021-06-29",72.6,2.4,997.6,0.01
"1638","2021-06-30",73.2,2.9,998,0.05
"1639","2021-07-01",77.6,4.6,999.2,0
"1640","2021-07-02",76,4.2,1.7,0
"1641","2021-07-03",72.1,2.8,999.6,0.15
"1642","2021-07-04",72.4,2.8,999.2,0
"1643","2021-07-05",76.2,3.2,0.9,0
"1644","2021-07-06",76,3.3,999.9,0
"1645","2021-07-07",76.5,3.9,999.4,0
"1646","2021-07-08",73.8,2.8,997.9,0.05
"1647","2021-07-09",74,3.9,997.6,0
"1648","2021-07-10",77.4,3.9,998.9,0
"1649","2021-07-11",78.7,3.6,0.7,0
"1650","2021-07-12",81.9,3.4,999.7,0
"1651","2021-07-13",79.8,5,998.2,0.54
"1652","2021-07-14",79.5,3.9,1.1,0.02
"1653","2021-07-15",79.9,3.9,6,0.01
"1654","2021-07-16",81.4,4.6,7.2,0
"1655","2021-07-17",81.1,3.1,5.5,0
"1656","2021-07-18",81.3,4.4,4.5,0
"1657","2021-07-19",80,3.9,6.2,0
"1658","2021-07-20",80.1,4.2,7.7,0
"1659","2021-07-21",82.6,2.9,7.1,0
"1660","2021-07-22",81.8,2.9,4.7,0
"1661","2021-07-23",81.6,3.4,2.7,0
"1662","2021-07-24",83,4.1,1.2,0
"1663","2021-07-25",80.8,4.2,998.8,0
"1664","2021-07-26",83.3,5,997.5,0
"1665","2021-07-27",84.3,3.9,997.8,0
"1666","2021-07-28",85.5,2.9,996.8,0
"1667","2021-07-29",81.4,2.9,994.2,0.67
"1668","2021-07-30",75.7,3.2,990.7,0.8
"1669","2021-07-31",76.4,3.3,990.5,0.56
"1670","2021-08-01",77,3.1,994.6,0.52
"1671","2021-08-02",71.9,4.4,998.4,0
"1672","2021-08-03",73.3,2.9,0.6,0
"1673","2021-08-04",79,4.6,998.5,0
"1674","2021-08-05",75.4,3.6,997.2,0.05
"1675","2021-08-06",72,4.2,997.8,0.17
"1676","2021-08-07",75.6,3.1,999.8,0
"1677","2021-08-08",78.6,2.9,999.4,0
"1678","2021-08-09",73.7,2.8,998.2,0.46
"1679","2021-08-10",73.3,3.6,0.9,0
"1680","2021-08-11",70.9,4.6,5.1,0.07
"1681","2021-08-12",68,3.6,5.5,0.05
"1682","2021-08-13",69.9,3.7,3.9,0
"1683","2021-08-14",71.3,3.9,5,0
"1684","2021-08-15",74.1,2.7,8.1,0
"1685","2021-08-16",69.7,2.9,7.4,1.36
"1686","2021-08-17",70.9,2.7,5.6,0.06
"1687","2021-08-18",72.9,2.3,5.5,0
"1688","2021-08-19",74.7,3.9,4,0
"1689","2021-08-20",69.9,2.2,1.3,0.52
"1690","2021-08-21",71.1,2.3,997,0.05
"1691","2021-08-22",78.8,6.6,998.2,0
"1692","2021-08-23",76.1,4.7,997.7,0.17
"1693","2021-08-24",71.1,3.1,992.7,0.38
"1694","2021-08-25",68.8,3.9,996.9,0.21
"1695","2021-08-26",72.9,5.8,1.2,0
"1696","2021-08-27",74.1,5.8,2.9,0
"1697","2021-08-28",71.1,5.2,5.1,0
"1698","2021-08-29",68.7,3.6,7.5,0
"1699","2021-08-30",71.8,2.9,10.1,0
"1700","2021-08-31",69.8,3.3,9.2,0
"1701","2021-09-01",71.1,2.9,6.1,0
"1702","2021-09-02",72.4,3,2.8,0
"1703","2021-09-03",69,2.1,5.5,0
"1704","2021-09-04",71.1,2.6,10.1,0
"1705","2021-09-05",73,2.5,13.1,0
"1706","2021-09-06",66.4,2.9,10.8,0.3
"1707","2021-09-07",62.7,2.5,5,0
"1708","2021-09-08",70.2,4.9,3.1,0
"1709","2021-09-09",69.3,4.7,3.9,1.66
"1710","2021-09-10",70.1,3.9,4.8,0.01
"1711","2021-09-11",63.4,3.1,6.7,0
"1712","2021-09-12",65.9,3.9,9.7,0
"1713","2021-09-13",67.3,3.3,12.6,0
"1714","2021-09-14",66.5,4.6,14.3,0
"1715","2021-09-15",70.6,4.2,9.8,0
"1716","2021-09-16",65.2,2.9,8.6,0.03
"1717","2021-09-17",64.9,2.4,8.1,0
"1718","2021-09-18",66.5,1.5,10.2,0
"1719","2021-09-19",70.2,2.3,9.3,0.01
"1720","2021-09-20",61.5,5.4,997.1,1.32
"1721","2021-09-21",60.3,8.1,993.4,0.21
"1722","2021-09-22",62.3,4.2,4.8,0.01
"1723","2021-09-23",60,2.1,15.2,0
"1724","2021-09-24",66.2,2.5,17,0.1
"1725","2021-09-25",64.3,1.3,17.3,0.21
"1726","2021-09-26",68,1.9,12.4,0
"1727","2021-09-27",63.7,1.9,9.5,0.1
"1728","2021-09-28",67.2,3.2,4,0
"1729","2021-09-29",58.7,3.4,4.2,0
"1730","2021-09-30",58.9,2.6,4.1,0.03
"1731","2021-10-01",54.9,3.8,6.4,0
"1732","2021-10-02",60.4,3.8,4.7,0.01
"1733","2021-10-03",63.8,4.7,7.3,3.55
"1734","2021-10-04",54.8,6.5,18.5,0
"1735","2021-10-05",55.9,4.8,20.4,0
"1736","2021-10-06",52.1,4.1,14.9,0.51
"1737","2021-10-07",51.7,3.2,14.7,0
"1738","2021-10-08",57.2,2.1,15.9,0
"1739","2021-10-09",61.2,4.1,11.2,1.43
"1740","2021-10-10",49.2,3.6,17.1,0
"1741","2021-10-11",48,2.4,20.9,0
"1742","2021-10-12",51.9,2.3,21.2,0
"1743","2021-10-13",61.2,4.3,15.8,0
"1744","2021-10-14",53.6,1.5,15.5,0
"1745","2021-10-15",47.3,5.4,22.1,0
"1746","2021-10-16",34.5,5.1,27.1,0
"1747","2021-10-17",40.5,4.4,16.8,0
"1748","2021-10-18",44.8,5.5,17.4,0
"1749","2021-10-19",35.6,2.7,21.8,0
"1750","2021-10-20",39.6,2.2,16.8,0
"1751","2021-10-21",41.4,2,16.7,0
"1752","2021-10-22",41.4,2,21.9,0
"1753","2021-10-23",44.2,2.1,21.4,0
"1754","2021-10-24",48.5,3.3,17,0
"1755","2021-10-25",52.6,3.4,11.9,0
"1756","2021-10-26",48.8,3.1,12.9,0
"1757","2021-10-27",47.6,3.6,15.8,0
"1758","2021-10-28",46.4,2.3,19.1,0
"1759","2021-10-29",49.5,2.2,16,0
"1760","2021-10-30",53.3,5.1,17.2,0
"1761","2021-10-31",38.8,5.2,22.7,0.06
"1762","2021-11-01",36,2.5,22.2,0
"1763","2021-11-02",45.7,2.4,14.6,0
"1764","2021-11-03",53.1,4.3,9.1,0
"1765","2021-11-04",51.4,2.8,10.3,0
"1766","2021-11-05",53.8,3.3,12.3,0
"1767","2021-11-06",33.9,8.3,22.5,0.01
"1768","2021-11-07",26.1,7.1,13.3,0.87
"1769","2021-11-08",26.8,6.4,0.8,0.55
"1770","2021-11-09",27.8,3.9,2.9,0.14
"1771","2021-11-10",30.7,3.5,3.1,0.11
"1772","2021-11-11",25.6,2.9,8.2,0.05
"1773","2021-11-12",26.3,2,10,0
"1774","2021-11-13",33.5,2,8.5,0
"1775","2021-11-14",32.1,2.3,14.4,0
"1776","2021-11-15",27.2,2.1,19.4,0
"1777","2021-11-16",30.2,1.3,18.7,0
"1778","2021-11-17",43.2,4,10,0
"1779","2021-11-18",42,4,9,0
"1780","2021-11-19",30,2.9,16.7,0
"1781","2021-11-20",31.8,3.1,17.7,0
"1782","2021-11-21",28,3.4,10.9,0.09
"1783","2021-11-22",22.7,6.7,13.7,0.05
"1784","2021-11-23",17.5,4,11.5,0
"1785","2021-11-24",21.1,2.2,10.6,0
"1786","2021-11-25",21.7,2.5,16.7,0
"1787","2021-11-26",22,2.2,26.2,0
"1788","2021-11-27",31.8,2.8,25.8,0
"1789","2021-11-28",43.5,6.1,20.6,0
"1790","2021-11-29",30.3,5.1,18.6,0.04
"1791","2021-11-30",24.4,5.7,14.6,0.02
"1792","2021-12-01",22.8,3.8,16,0
"1793","2021-12-02",34.2,6.8,7.2,0
"1794","2021-12-03",27,3.8,16,0
"1795","2021-12-04",26.5,1.6,21,0
"1796","2021-12-05",38.2,3.9,15.6,0
"1797","2021-12-06",30.4,3.4,25.3,0
"1798","2021-12-07",27.3,2.2,26.5,0
"1799","2021-12-08",34.7,2.8,23.5,0
"1800","2021-12-09",39.4,1.9,18.5,0.1
"1801","2021-12-10",32.9,3.8,21.9,0
"1802","2021-12-11",30.3,5.5,22.4,0
"1803","2021-12-12",17.5,4.8,25.7,0
"1804","2021-12-13",30.2,4.7,14.5,0
"1805","2021-12-14",31.9,4.7,10.2,0
"1806","2021-12-15",26.8,1.8,13.3,0
"1807","2021-12-16",18.4,7.3,20.4,0
"1808","2021-12-17",8,3.9,22,0
"1809","2021-12-18",17.4,4,13.5,0
"1810","2021-12-19",24.6,3.4,7.8,0
"1811","2021-12-20",35.4,5,7.3,0
"1812","2021-12-21",18.5,5.3,20.2,0
"1813","2021-12-22",15.5,4.4,22.8,0
"1814","2021-12-23",9.8,6.7,27.7,0.02
"1815","2021-12-24",-0.9,4.6,33.8,0
"1816","2021-12-25",-4.2,3.1,34.3,0
"1817","2021-12-26",5.7,2.8,26.4,0
"1818","2021-12-27",12.4,3,22.9,0
"1819","2021-12-28",24.9,5.1,13.9,0
"1820","2021-12-29",12.1,4.1,18.8,0
"1821","2021-12-30",8.3,3.1,24.3,0
"1822","2021-12-31",11.4,3.1,25.8,0
"1823","2022-01-01",22.4,4.7,20.5,0.02
"1824","2022-01-02",13.1,2.6,21.5,0
"1825","2022-01-03",18.4,3.7,21.8,0
"1826","2022-01-04",10.2,2.5,26.7,0
"1827","2022-01-05",14.1,2.1,23.8,0
"1828","2022-01-06",15.2,2.6,27.7,0
"1829","2022-01-07",26.5,3.1,19.2,0
"1830","2022-01-08",17.4,4.2,20,0
"1831","2022-01-09",14.7,2.5,20.2,0
"1832","2022-01-10",9.7,4.4,20.8,0.01
"1833","2022-01-11",4.1,2,21.1,0
"1834","2022-01-12",12.4,4,17.8,0
"1835","2022-01-13",10.3,3.2,20,0
"1836","2022-01-14",24.1,4.8,13.4,0
"1837","2022-01-15",18.9,5.2,18.3,0
"1838","2022-01-16",10.6,2.7,22.5,0
"1839","2022-01-17",11.5,4.7,24.5,0
"1840","2022-01-18",13.6,5.6,23.8,0
"1841","2022-01-19",6,5.6,28.8,0
"1842","2022-01-20",8.1,2.8,28.6,0
"1843","2022-01-21",14.8,2.1,24.3,0
"1844","2022-01-22",17.3,3.5,23.5,0
"1845","2022-01-23",14.5,5.3,24,0
"1846","2022-01-24",14,1.8,18.3,0
"1847","2022-01-25",14.2,1.4,18.5,0
"1848","2022-01-26",12.1,2.4,24.1,0
"1849","2022-01-27",11.7,2.2,25.1,0
"1850","2022-01-28",11.7,2.9,21.7,0
"1851","2022-01-29",11.8,2.4,19.2,0
"1852","2022-01-30",14.5,2,18.7,0
"1853","2022-01-31",21.1,6.6,16.6,0
"1854","2022-02-01",12,2.9,23.5,0
"1855","2022-02-02",11.2,2.9,22.7,0
"1856","2022-02-03",13.4,4.1,22.5,0
"1857","2022-02-04",13.2,5.3,21.2,0
"1858","2022-02-05",19.2,5.6,20.8,0
"1859","2022-02-06",18.8,3.7,21.8,0
"1860","2022-02-07",17.7,2.1,21.9,0
"1861","2022-02-08",19.9,2.1,21.2,0
"1862","2022-02-09",26.2,3.2,16.5,0
"1863","2022-02-10",27.2,2.7,15.8,0
"1864","2022-02-11",23,5.1,24,0
"1865","2022-02-12",20.4,5.7,24,0
"1866","2022-02-13",20.3,6.5,20.3,0.11
"1867","2022-02-14",10.1,6.2,20.9,0.01
"1868","2022-02-15",5.6,3.3,20.8,0
"1869","2022-02-16",8,4,23.9,0
"1870","2022-02-17",14.1,1.9,25.4,0
"1871","2022-02-18",22.6,6.2,22.2,0.07
"1872","2022-02-19",14.9,4.9,22,0
"1873","2022-02-20",14.5,4.2,20.8,0
"1874","2022-02-21",17.2,6.3,24.7,0
"1875","2022-02-22",10,4.9,29.3,0
"1876","2022-02-23",14.7,2.8,26.6,0
"1877","2022-02-24",25.7,3.9,19.5,0
"1878","2022-02-25",36.9,6.1,10.8,0
"1879","2022-02-26",31.1,5.1,10.1,0
"1880","2022-02-27",32.7,3.9,12.5,0
"1881","2022-02-28",36,6.1,11.1,0.06
"1882","2022-03-01",30.1,4.1,10.8,0
"1883","2022-03-02",35.5,6.9,9.4,0
"1884","2022-03-03",35.5,4.1,6,0
"1885","2022-03-04",36.7,8.3,1.9,0
"1886","2022-03-05",31.2,7.3,14.2,0
"1887","2022-03-06",29.2,2.7,15.6,0
"1888","2022-03-07",33.1,4.4,11,0
"1889","2022-03-08",38.6,6.5,11.1,0
"1890","2022-03-09",45.4,3.9,10.5,0
"1891","2022-03-10",44.2,5.1,10.3,0
"1892","2022-03-11",42.5,3.9,14.2,0
"1893","2022-03-12",39.9,4.9,6.1,0.09
"1894","2022-03-13",39.2,5.3,8.8,0.05
"1895","2022-03-14",31.7,4.7,7.9,0.46
"1896","2022-03-15",37.1,5.6,5.9,0
"1897","2022-03-16",27.8,6.1,22.5,0
"1898","2022-03-17",28.1,6.1,18.7,0
"1899","2022-03-18",27,7.3,8.4,0.07
"1900","2022-03-19",27.6,5.1,12.5,0
"1901","2022-03-20",32.8,2.9,15.3,0
"1902","2022-03-21",31.8,2.4,18.1,0
"1903","2022-03-22",38.8,5.6,15,0
"1904","2022-03-23",39.8,4.4,5.1,0
"1905","2022-03-24",49.4,6.3,5.6,0.04
"1906","2022-03-25",46.1,3.9,6.6,0.01
"1907","2022-03-26",48.7,6.6,6,0
"1908","2022-03-27",39.5,7.3,13,0
"1909","2022-03-28",48.9,10.9,13.3,0
"1910","2022-03-29",44.4,5.6,13.8,0.46
"1911","2022-03-30",39.9,6.6,20.1,0
"1912","2022-03-31",38.7,3.9,25.9,0
"1913","2022-04-01",39,3.2,23.8,0
"1914","2022-04-02",43.9,4.4,19.3,0
"1915","2022-04-03",54.4,9,16.4,0
"1916","2022-04-04",58.3,9.7,11,0
"1917","2022-04-05",46.6,7.2,16.9,0
"1918","2022-04-06",43,6,15,0
"1919","2022-04-07",42.1,3.2,10.3,0
"1920","2022-04-08",61.8,8.4,999.9,0
"1921","2022-04-09",60.7,3.2,0,0
"1922","2022-04-10",66.9,7.5,999.6,0
"1923","2022-04-11",57.3,7,4.5,0.13
"1924","2022-04-12",47.1,7.2,12.2,0
"1925","2022-04-13",52.1,4.6,12,0
"1926","2022-04-14",53.9,4.7,15.6,0
"1927","2022-04-15",51.7,6.2,14.1,0
"1928","2022-04-16",54.6,4.3,8.5,0
"1929","2022-04-17",58.9,4.9,8.3,0
"1930","2022-04-18",56.2,4.9,9.9,0
"1931","2022-04-19",66,10.7,3.4,0
"1932","2022-04-20",67.6,10.5,998.6,0
"1933","2022-04-21",60.4,8,997,0
"1934","2022-04-22",52.5,3.6,3.9,0
"1935","2022-04-23",64.5,9.5,997.9,0
"1936","2022-04-24",60.7,2.9,1.9,0
"1937","2022-04-25",66.3,7.3,998,0
"1938","2022-04-26",54.8,8,6.4,0
"1939","2022-04-27",52.6,3.4,14.3,0
"1940","2022-04-28",50,2.7,13.8,0
"1941","2022-04-29",58.3,5.5,10.9,0
"1942","2022-04-30",54.1,6.9,9.1,0
"1943","2022-05-01",52.7,4.9,6.5,0
"1944","2022-05-02",56.8,6.3,7.4,0
"1945","2022-05-03",67.3,9,0.9,0
"1946","2022-05-04",71.2,8,0.5,0
"1947","2022-05-05",69.8,9.7,3,0.21
"1948","2022-05-06",54.7,4.1,12.8,0.04
"1949","2022-05-07",53.8,4.9,16.5,0
"1950","2022-05-08",56.6,3.4,14.6,0
"1951","2022-05-09",61.5,4.6,11.3,0
"1952","2022-05-10",60.4,7.5,7.5,0.03
"1953","2022-05-11",53,3.2,10.3,0
"1954","2022-05-12",53.3,2.7,7.4,0
"1955","2022-05-13",58,6.1,2.8,0
"1956","2022-05-14",54.3,3.9,7.6,0
"1957","2022-05-15",63.9,7.5,1.8,0
"1958","2022-05-16",60.7,3.6,0.5,0
"1959","2022-05-17",67.6,5.1,1.8,0
"1960","2022-05-18",66.2,2.2,5.4,0
"1961","2022-05-19",67.8,7.3,4,0.04
"1962","2022-05-20",74.1,6.8,1.1,0
"1963","2022-05-21",74.7,5.3,997.4,0
"1964","2022-05-22",71.1,3.4,999.7,0
"1965","2022-05-23",78.9,7.3,1.1,0
"1966","2022-05-24",73.1,7.8,1.7,0.77
"1967","2022-05-25",59.5,3.9,0.8,0.14
"1968","2022-05-26",57.7,4.4,993.9,0.09
"1969","2022-05-27",68.8,3.9,991.2,0
"1970","2022-05-28",75.1,7,990.4,0
"1971","2022-05-29",65,5.8,995.3,0.69
"1972","2022-05-30",58.2,3.6,997.2,0.25
"1973","2022-05-31",64.1,2.7,997.4,0
"1974","2022-06-01",69.1,6.6,995.9,0
"1975","2022-06-02",72,2.7,999.1,0
"1976","2022-06-03",73.2,5.3,998.6,0
"1977","2022-06-04",64,2.9,998.2,0.93
"1978","2022-06-05",66.3,4.4,994.5,0.48
"1979","2022-06-06",61.5,3.6,998.9,0.19
"1980","2022-06-07",59.7,1.9,3.5,0
"1981","2022-06-08",61.9,2.9,5.3,0.31
"1982","2022-06-09",67.1,2.4,5.1,0
"1983","2022-06-10",65.1,1.9,7.4,0.81
"1984","2022-06-11",69.7,2.4,6.2,0
"1985","2022-06-12",67.1,4.4,2.1,0.29
"1986","2022-06-13",65.8,2.9,1.2,0.57
"1987","2022-06-14",68.5,2.2,2.5,0
"1988","2022-06-15",67.2,2.8,0.1,0.01
"1989","2022-06-16",71.2,6.3,997.9,0
"1990","2022-06-17",75.4,4.6,998,0.03
"1991","2022-06-18",70.5,1.5,999.9,0.01
"1992","2022-06-19",74.9,2.2,999.3,0
"1993","2022-06-20",80.8,5.8,994.9,0
"1994","2022-06-21",74.8,2.4,997,0
"1995","2022-06-22",71.4,2.4,996.8,0.97
"1996","2022-06-23",70.9,2.4,989.1,0.1
"1997","2022-06-24",69,4.1,988.8,0.04
"1998","2022-06-25",73.6,2.2,991.7,0.96
"1999","2022-06-26",76.8,2.2,998.4,0
"2000","2022-06-27",73.7,4.6,990.5,1.36
"2001","2022-06-28",73.4,3.4,990.3,0.1
"2002","2022-06-29",75.7,2.2,996.5,0
"2003","2022-06-30",78.4,2.4,1.6,0
"2004","2022-07-01",73.8,2.4,3.1,1.28
"2005","2022-07-02",72.3,2.4,3.1,0.87
"2006","2022-07-03",77.2,3.9,0.6,0
"2007","2022-07-04",77.1,2.7,999.2,0
"2008","2022-07-05",79.5,2.5,998.4,0
"2009","2022-07-06",77.7,3.9,997.9,2.96
"2010","2022-07-07",72.4,2.9,995.7,2.01
"2011","2022-07-08",79.9,4.1,994.2,0
"2012","2022-07-09",79.4,2.9,996.7,0
"2013","2022-07-10",75.6,2.7,999,0
"2014","2022-07-11",78.2,2.8,1.2,0
"2015","2022-07-12",80.8,3.2,998.9,0.24
"2016","2022-07-13",77.5,3.6,993.5,0.59
"2017","2022-07-14",74.4,5,994.2,1.63
"2018","2022-07-15",74.2,3.9,992.5,0.28
"2019","2022-07-16",74.8,2.7,993.5,0
"2020","2022-07-17",75.6,2.9,993,2.29
"2021","2022-07-18",74.1,2.2,993.8,0.32
"2022","2022-07-19",77.4,2.4,997,0
"2023","2022-07-20",77,2.2,999,0.09
"2024","2022-07-21",74.5,2.2,0.1,0.02
"2025","2022-07-22",79.3,2.7,999.6,0
"2026","2022-07-23",72.5,2.7,997.3,0.47
"2027","2022-07-24",76.2,3.9,998.3,0.03
"2028","2022-07-25",80.7,3.9,1.3,0
"2029","2022-07-26",79.9,3.2,3,0
"2030","2022-07-27",82.4,1.7,3,0
"2031","2022-07-28",78.9,2.2,2.3,0.07
"2032","2022-07-29",75.7,1.7,4.1,1.46
"2033","2022-07-30",78.1,2.4,3.3,0
"2034","2022-07-31",80.8,2.7,0.1,0
"2035","2022-08-01",82.6,2.2,0,0
"2036","2022-08-02",85.8,2.9,0.7,0
"2037","2022-08-03",84.5,3.6,0.9,0
"2038","2022-08-04",84.3,5.6,998,0.13
"2039","2022-08-05",79.7,2.9,996.9,0
"2040","2022-08-06",82.7,2.2,997.1,0
"2041","2022-08-07",78,2.2,995.4,1.29
"2042","2022-08-08",73.1,3.6,1.8,0
"2043","2022-08-09",72.9,4.1,1,0
"2044","2022-08-10",78.5,5.2,998.4,0
"2045","2022-08-11",74.2,2.9,998.6,0.01
"2046","2022-08-12",73.1,1.9,999.8,0.31
"2047","2022-08-13",74.2,2.4,999.9,0
"2048","2022-08-14",73.6,3.2,994.4,1.31
"2049","2022-08-15",69,3.9,994.1,0.02
"2050","2022-08-16",72.8,3.9,0.5,0
"2051","2022-08-17",75.4,2.4,0,0
"2052","2022-08-18",76.1,5.1,996.3,0.97
"2053","2022-08-19",67.2,2.2,997.1,0.44
"2054","2022-08-20",68.3,2.2,0,0
"2055","2022-08-21",76.1,5.3,996.1,0.01
"2056","2022-08-22",64,2.2,0.2,0.08
"2057","2022-08-23",68.6,3.2,6.4,0
"2058","2022-08-24",67.7,2.2,2.5,0
"2059","2022-08-25",66.8,3.6,0.2,0
"2060","2022-08-26",61,3.9,2.2,0.17
"2061","2022-08-27",63.5,2.4,7.8,0
"2062","2022-08-28",67.5,2.9,8,0
"2063","2022-08-29",62.1,3.1,8.3,0.05
"2064","2022-08-30",66.6,1.7,5.9,0
"2065","2022-08-31",70.5,4.1,6.3,0
"2066","2022-09-01",61.7,3.6,13.2,0
"2067","2022-09-02",66.5,2.2,11.1,0
"2068","2022-09-03",71.8,2.4,7.4,0
"2069","2022-09-04",65.5,2.2,1.6,0.25
"2070","2022-09-05",60.4,2.4,1.7,0
"2071","2022-09-06",62,3.6,2.9,0
"2072","2022-09-07",66.3,2.8,10.8,0
"2073","2022-09-08",71.4,3.6,11.3,0
"2074","2022-09-09",73,1.9,12.1,0
"2075","2022-09-11",73.2,2.8,7.6,0
"2076","2022-09-12",70.3,1.9,9.6,0
"2077","2022-09-13",73,4.9,14.3,0
"2078","2022-09-14",69.3,1.9,12.4,0.36
"2079","2022-09-15",65.6,2.2,5.1,0.36
"2080","2022-09-16",64.5,4.4,999.1,1.87
"2081","2022-09-17",67.9,2.7,3,0
"2082","2022-09-18",63.1,4.9,8.4,0
"2083","2022-09-19",58.2,3.9,10.7,0
"2084","2022-09-20",53.8,2.4,11.3,0
"2085","2022-09-21",62.2,4.9,6.9,0
"2086","2022-09-22",58.1,4.9,3.6,1.99
"2087","2022-09-23",53.7,5.6,6.4,0.04
"2088","2022-09-24",60.5,1.7,8.9,0
"2089","2022-09-25",64.2,4.6,7.7,0
"2090","2022-09-26",65.4,3.2,10.2,0
"2091","2022-09-27",66.8,3.4,7.7,0
"2092","2022-09-28",66.5,2.9,5.1,0
"2093","2022-09-29",67.8,4.4,5.3,0
"2094","2022-09-30",73,5.3,5.5,0
"2095","2022-10-01",64,1.9,10.6,0
"2096","2022-10-02",64.3,2.7,8.4,0.21
"2097","2022-10-03",46.7,7,16.5,0.18
"2098","2022-10-04",41.1,4.6,21.7,0
"2099","2022-10-05",41.5,2.2,20.8,0
"2100","2022-10-06",42.6,2.7,18.9,0
"2101","2022-10-07",48.4,1.7,16.4,0
"2102","2022-10-08",58,5.1,13,0
"2103","2022-10-09",40.3,5.8,9,1.43
"2104","2022-10-10",36.9,3.4,12.4,0.27
"2105","2022-10-11",42.9,2.9,18.3,0
"2106","2022-10-12",55.4,4.1,17.9,0
"2107","2022-10-13",54.3,3.3,16.9,0
"2108","2022-10-14",53.8,2.2,13.3,0
"2109","2022-10-15",58.2,4.9,14.4,0
"2110","2022-10-16",48.2,4.4,18.8,0
"2111","2022-10-17",40.2,3.2,18.5,0
"2112","2022-10-18",40.5,2.2,17.8,0
"2113","2022-10-19",52.8,4.1,16.2,0
"2114","2022-10-20",61.1,7.8,14.9,0
"2115","2022-10-21",58.7,6.7,14.4,0
"2116","2022-10-22",45.5,3.2,18,0
"2117","2022-10-23",41,2.9,18.5,0
"2118","2022-10-24",38.1,2.3,19.8,0
"2119","2022-10-25",55.2,5.8,16.3,0
"2120","2022-10-26",49.4,3.4,21.5,0.39
"2121","2022-10-27",41.9,4.9,26.9,0
"2122","2022-10-28",39.7,3.6,24.9,0
"2123","2022-10-29",41,2.2,21.7,0
"2124","2022-10-30",49,2.2,16.9,0.02
"2125","2022-10-31",50.2,3.6,16.9,0.13
"2126","2022-11-01",38.1,2.2,19.1,0
"2127","2022-11-02",37.9,4.4,18.7,0
"2128","2022-11-03",28.6,3.4,20.7,0
"2129","2022-11-04",32.6,1.5,18.7,0
"2130","2022-11-05",37.2,2.7,17.2,0
"2131","2022-11-06",48.4,3.9,13.8,0.08
"2132","2022-11-07",39.5,2.9,17.6,0
"2133","2022-11-08",47.9,5,15.4,0
"2134","2022-11-09",53.8,3.6,15.1,0
"2135","2022-11-10",52.9,1,18.4,0
"2136","2022-11-11",55.4,3.4,13.5,0.48
"2137","2022-11-12",31.4,9.2,16.5,0.89
"2138","2022-11-13",25.9,3.2,19.2,0.01
"2139","2022-11-14",32.3,2.4,11.2,0
"2140","2022-11-15",39,3.5,9.6,0
"2141","2022-11-18",38.8,2.4,20.2,0
"2142","2022-11-19",45.5,4.4,14,0.1
"2143","2022-11-20",38.9,3.6,17.1,0.02
"2144","2022-11-21",32.8,1.7,21,0
"2145","2022-11-22",30.2,2.2,15.8,0
"2146","2022-11-23",35.8,2.7,13,0
"2147","2022-11-24",44.8,3.3,7.6,0.02
"2148","2022-11-25",37.5,8.4,8.8,0.24
"2149","2022-11-26",23.9,3.9,15.6,0
"2150","2022-11-27",33.7,3.4,10.9,0.6
"2151","2022-11-28",28.5,7,13.8,0.18
"2152","2022-11-29",13.2,8,26.5,0
"2153","2022-11-30",13,5.6,28.4,0
"2154","2022-12-01",12.4,3.9,25.3,0
"2155","2022-12-02",25.7,5.8,17,0.06
"2156","2022-12-03",12.6,4.4,26.4,0
"2157","2022-12-04",10.1,2.4,28.2,0
"2158","2022-12-05",14.7,2.4,20.7,0
"2159","2022-12-06",21.6,4.1,13.5,0
"2160","2022-12-07",23.5,2.9,17.9,0
"2161","2022-12-08",22.2,1.2,18.5,0
"2162","2022-12-09",23,2.7,18.1,0
"2163","2022-12-10",17.7,2.2,21.5,0
"2164","2022-12-11",21,2.7,18.6,0
"2165","2022-12-12",29.3,6.8,10,0
"2166","2022-12-13",11.4,8.3,18.4,0.02
"2167","2022-12-14",10.4,4.4,19.3,0
"2168","2022-12-15",5.5,4.1,25.7,0
"2169","2022-12-16",11.5,3.9,25.9,0
"2170","2022-12-17",8.9,7.5,20.9,0
"2171","2022-12-18",3.9,3.6,17.8,0
"2172","2022-12-19",9.4,2.4,20,0
"2173","2022-12-20",26.8,4.4,10.6,0.07
"2174","2022-12-21",12.5,5.1,11,0
"2175","2022-12-22",3.8,5.6,14.5,0
"2176","2022-12-23",5.7,3.6,19.1,0
"2177","2022-12-24",7.1,1.5,23.3,0
"2178","2022-12-25",6.6,1.7,24,0
"2179","2022-12-26",8.4,1.9,23.9,0
"2180","2022-12-27",7.7,2.4,23.6,0
"2181","2022-12-28",5.4,2.7,25.9,0
"2182","2022-12-29",9.5,1.9,26.9,0
"2183","2022-12-30",13.8,2.4,23.8,0
"2184","2022-12-31",15.4,2.4,24.7,0
